cmd: cargo run -p msphf-orchestrator --release --example ct_vrf -- --filter vrf_verify_ct
events: Ir Bc Bcm Bi Bim
fl=./csu/../csu/libc-start.c
fn=__libc_start_main@@GLIBC_2.34
128 3 0 0 0 0
134 2 1 0 0 0
135 7 0 0 1 1
138 1 0 0 0 0
139 1 1 0 0 0
142 3 0 0 0 0
143 3 0 0 0 0
144 17 4 2 0 0
145 15 0 0 3 3
242 12 0 0 0 0
311 2 1 0 0 0
312 3 0 0 0 0
337 5 1 0 0 0
340 1 1 1 0 0
343 3 0 0 0 0
350 2 0 0 0 0
352 1 1 0 0 0
360 4 0 0 0 0
fl=./csu/../sysdeps/aarch64/crti.S
fn=call_weak_fn
63 2 0 0 0 0
64 2 0 0 0 0
65 2 2 2 0 0
68 2 0 0 0 0
fl=./csu/../sysdeps/nptl/libc_start_call_main.h
fn=(below main)
29 12 0 0 0 0
44 3 0 0 0 0
46 1 1 1 0 0
48 1 0 0 0 0
51 3 0 0 0 0
52 1 0 0 0 0
55 3 0 0 0 0
58 7 0 0 1 1
fl=./csu/./csu/errno-loc.c
fn=__errno_location
25 24348 0 0 0 0
26 24348 0 0 0 0
27 32464 0 0 0 0
fl=./csu/./csu/init-first.c
fn=_init_first
46 6 0 0 0 0
51 3 1 0 0 0
55 8 1 0 0 0
61 3 0 0 0 0
62 1 0 0 0 0
63 3 0 0 0 0
71 2 0 0 0 0
72 3 0 0 0 0
fl=./ctype/../include/ctype.h
fn=__ctype_b_loc
40 858 0 0 0 0
41 858 0 0 0 0
42 1144 0 0 0 0
fn=__ctype_tolower_loc
52 54 0 0 0 0
53 54 0 0 0 0
54 72 0 0 0 0
fl=./ctype/./ctype/ctype-info.c
fn=__ctype_init
29 4 0 0 0 0
31 9 0 0 0 0
33 5 0 0 0 0
35 5 0 0 0 0
36 3 0 0 0 0
fl=./debug/./debug/memcpy_chk.c
fn=__memcpy_chk
25 143 0 0 0 0
26 286 143 1 0 0
29 143 0 0 0 0
fl=./debug/./debug/vsnprintf_chk.c
fn=__vsnprintf_chk
26 36 0 0 0 0
27 24 12 0 0 0
32 36 0 0 0 0
34 84 0 0 0 0
35 36 0 0 0 0
fl=./dirent/../sysdeps/unix/sysv/linux/opendir.c
fn=opendir
33 8 4 1 0 0
82 16 0 0 0 0
86 16 0 0 0 0
87 8 0 0 0 0
fn=opendir_tail
45 36 0 0 0 0
46 4 4 0 0 0
47 8 0 0 0 0
64 44 4 0 0 0
fl=./elf/../include/list.h
fn=__tls_init_tp
43 5 0 0 0 0
44 2 0 0 0 0
45 1 0 0 0 0
46 1 0 0 0 0
47 1 0 0 0 0
fl=./elf/../include/rtld-malloc.h
fn=__minimal_calloc
56 312 0 0 78 1
fn=_dl_allocate_tls_storage
56 4 0 0 1 1
fn=_dl_check_map_versions
44 190 0 0 38 1
fn=_dl_find_object_init
56 5 0 0 1 1
fn=_dl_important_hwcaps
56 8 0 0 2 2
fn=_dl_init_paths
56 10 0 0 3 3
fn=_dl_map_object_deps
56 190 0 0 38 2
fn=_dl_new_object
44 190 0 0 38 1
56 185 0 0 37 1
fn=allocate_dtv
44 5 0 0 1 1
fn=fillin_rpath.isra.0
50 4 0 0 1 1
51 1 0 0 0 0
56 5 0 0 1 1
fn=init_tls
44 6 0 0 1 1
fl=./elf/../include/scratch_buffer.h
fn=_dl_map_object_deps
77 2 0 0 0 0
78 2 0 0 0 0
85 4 1 1 0 0
131 111 0 0 0 0
fl=./elf/../misc/sbrk.c
fn=sbrk
37 6 0 0 0 0
40 2 0 0 0 0
58 1 1 0 0 0
62 2 1 1 0 0
78 6 0 0 0 0
fl=./elf/../nptl/nptl-stack.h
fn=__libc_early_init
61 4 0 0 0 0
fl=./elf/../sysdeps/aarch64/dl-bti.c
fn=_dl_bti_check
80 1 0 0 0 0
81 3 1 1 0 0
93 1 0 0 0 0
fl=./elf/../sysdeps/aarch64/dl-gcs.c
fn=_dl_gcs_check
98 6 0 0 0 0
99 3 0 0 0 0
100 4 3 2 0 0
115 3 0 0 0 0
fl=./elf/../sysdeps/aarch64/dl-irel.h
fn=_dl_fixup
38 16 0 0 0 0
fn=_dl_relocate_object_no_relro
37 608 0 0 0 0
38 549 0 0 0 0
39 97 0 0 0 0
40 471 0 0 95 93
fn=_dl_start
38 2 0 0 0 0
fl=./elf/../sysdeps/aarch64/dl-machine.h
fn=_dl_fixup
147 16 0 0 0 0
fn=_dl_relocate_object_no_relro
67 195 39 17 0 0
72 42 14 2 0 0
73 28 14 2 0 0
77 14 0 0 0 0
87 14 14 2 0 0
103 56 0 0 0 0
175 4919 0 0 0 0
177 9838 4919 0 0 0
179 4919 4919 1 0 0
188 43151 9678 57 0 0
191 4758 0 0 0 0
192 14331 4777 103 0 0
193 186 93 0 0 0
196 37879 21163 147 0 0
208 14688 0 0 0 0
211 21 0 0 0 0
233 4 4 2 0 0
243 20 10 0 0 0
252 6 0 0 0 0
253 16 0 0 0 0
254 95 0 0 0 0
273 17 17 0 0 0
275 68 17 0 0 0
276 17 0 0 0 0
277 68 0 0 0 0
282 6 0 0 0 0
283 1024 511 2 0 0
285 2 0 0 0 0
291 1 0 0 0 0
303 406176 0 0 0 0
313 950 0 0 0 0
314 950 0 0 0 0
316 1900 950 1 0 0
318 1898 949 0 0 0
341 1898 949 5 0 0
342 2847 0 0 0 0
346 2 1 0 0 0
348 1 0 0 0 0
349 4 1 1 0 0
350 16 0 0 0 0
353 2 1 0 0 0
357 7 0 0 0 0
362 1 0 0 0 0
fn=_dl_start
48 2 0 0 0 0
177 2 1 1 0 0
179 1 1 0 0 0
188 11 2 0 0 0
192 3 1 0 0 0
196 3 1 0 0 0
200 3 0 0 0 0
fn=_dl_sysdep_start
128 6 2 0 0 0
fl=./elf/../sysdeps/aarch64/dl-prop.h
fn=_dl_process_pt_gnu_property
53 84 28 0 0 0
56 56 28 0 0 0
59 28 0 0 0 0
60 28 28 0 0 0
61 84 28 0 0 0
64 28 28 27 0 0
65 2 0 0 0 0
fn=dl_main
33 4 0 0 0 0
34 4 0 0 0 0
fl=./elf/../sysdeps/aarch64/dl-start.S
fn=(below main)
23 1 0 0 0 0
26 1 0 0 0 0
27 1 0 0 0 0
30 1 0 0 0 0
32 1 0 0 0 0
34 1 0 0 0 0
37 1 0 0 0 0
38 1 0 0 0 0
39 1 0 0 0 0
40 1 1 0 0 0
60 1 0 0 0 0
62 1 0 0 0 0
64 1 0 0 0 0
65 1 0 0 0 0
67 1 0 0 0 0
68 1 0 0 0 0
70 1 0 0 0 0
71 1 0 0 0 0
73 1 0 0 0 0
74 1 0 0 1 1
fl=./elf/../sysdeps/aarch64/dl-trampoline.S
fn=_dl_runtime_resolve
38 16 0 0 0 0
50 16 0 0 0 0
55 16 0 0 0 0
59 16 0 0 0 0
63 16 0 0 0 0
67 16 0 0 0 0
71 16 0 0 0 0
75 16 0 0 0 0
79 16 0 0 0 0
83 16 0 0 0 0
88 16 0 0 0 0
91 16 0 0 0 0
93 16 0 0 0 0
94 16 0 0 0 0
95 16 0 0 0 0
96 16 0 0 0 0
97 16 0 0 0 0
100 16 0 0 0 0
103 16 0 0 0 0
106 16 0 0 0 0
107 16 0 0 0 0
108 16 0 0 0 0
109 16 0 0 0 0
110 16 0 0 0 0
111 16 0 0 0 0
112 16 0 0 0 0
113 16 0 0 0 0
114 16 0 0 0 0
117 16 0 0 0 0
121 16 0 0 16 2
fl=./elf/../sysdeps/generic/_itoa.h
fn=_dl_check_map_versions
76 259 0 0 0 0
fl=./elf/../sysdeps/generic/dl-cache.h
fn=_dl_load_cache_lookup
194 1 0 0 0 0
195 4 1 1 0 0
fn=search_cache
125 36 0 0 0 0
fl=./elf/../sysdeps/generic/dl-call_tls_init_tp.h
fn=init_tls
31 1 0 0 0 0
33 1 0 0 0 0
fl=./elf/../sysdeps/generic/dl-debug.h
fn=dl_main
29 3 1 0 0 0
30 1 0 0 0 0
fl=./elf/../sysdeps/generic/dl-hash.h
fn=__rtld_malloc_init_real
43 2 0 0 0 0
44 2 0 0 0 0
45 12 5 4 0 0
48 10 0 0 0 0
62 10 0 0 0 0
67 1 0 0 0 0
72 1 0 0 0 0
fl=./elf/../sysdeps/generic/dl-new-hash.h
fn=_dl_lookup_symbol_x
69 4412 0 0 0 0
70 4412 0 0 0 0
74 71494 0 0 0 0
77 37953 37953 2453 0 0
80 71262 0 0 0 0
81 35631 35631 2184 0 0
87 2090 0 0 0 0
89 2090 0 0 0 0
101 4412 0 0 0 0
102 33541 0 0 0 0
104 33541 0 0 0 0
fl=./elf/../sysdeps/generic/dl-protected.h
fn=do_lookup_x
29 25900 4269 0 0 0
fl=./elf/../sysdeps/generic/dl-tunables-parse.h
fn=_dl_sysdep_start
31 20 8 0 0 0
fl=./elf/../sysdeps/generic/ldsodefs.h
fn=_dl_check_map_versions
79 277 0 0 0 0
fn=_dl_fixup
79 16 0 0 0 0
fn=_dl_map_object
79 1470 0 0 0 0
fn=_dl_map_object_deps
79 37 0 0 0 0
fn=_dl_map_object_from_fd
79 47 0 0 0 0
fn=_dl_new_object
1321 33 0 0 0 0
fn=_dl_relocate_object_no_relro
79 4986 0 0 0 0
140 14703 0 0 0 0
fn=_dl_setup_hash
79 39 0 0 0 0
fn=_dl_start
79 10 0 0 0 0
fn=check_match
79 3 0 0 0 0
fn=dl_main
79 3 0 0 0 0
fn=do_lookup_x
79 66707 0 0 0 0
139 8538 0 0 0 0
140 4269 0 0 0 0
fl=./elf/../sysdeps/nptl/dl-mutex.c
fn=__rtld_mutex_init
30 5 0 0 0 0
37 2 0 0 0 0
40 10 0 0 0 0
44 1 1 1 0 0
45 13 1 0 0 0
47 9 0 0 0 0
51 1 1 0 0 0
52 11 1 0 0 0
53 5 0 0 0 0
fl=./elf/../sysdeps/nptl/dl-tls_init_tp.c
fn=__tls_init_tp
69 5 0 0 0 0
70 1 0 0 0 0
73 2 0 0 0 0
76 5 0 0 0 0
77 2 0 0 0 0
78 2 0 0 0 0
83 3 0 0 0 0
88 2 0 0 0 0
91 2 0 0 0 0
94 4 0 0 0 0
110 5 0 0 0 0
112 2 0 0 0 0
118 3 0 0 0 0
119 5 0 0 0 0
fn=__tls_pre_init_tp
54 3 0 0 0 0
57 4 0 0 0 0
58 5 0 0 0 0
59 4 0 0 0 0
62 4 0 0 0 0
63 2 0 0 0 0
65 3 0 0 0 0
fn=rtld_mutex_dummy
43 234 0 0 0 0
45 312 0 0 0 0
fl=./elf/../sysdeps/nptl/pthread_early_init.h
fn=__libc_early_init
33 5 1 0 0 0
34 3 1 0 0 0
38 3 0 0 0 0
45 3 0 0 0 0
46 2 0 0 0 0
48 2 0 0 0 0
52 5 0 0 0 0
53 3 0 0 0 0
54 1 0 0 0 0
56 1 0 0 0 0
fl=./elf/../sysdeps/posix/dl-fileid.h
fn=_dl_map_object_from_fd
37 222 37 0 0 0
41 74 0 0 0 0
49 4218 1406 8 0 0
fl=./elf/../sysdeps/unix/sysv/linux/aarch64/cpu-features.c
fn=_dl_sysdep_start
59 34 8 6 0 0
60 8 0 0 0 0
112 6 0 0 0 0
115 1 1 0 0 0
120 3 0 0 0 0
122 4 1 0 0 0
128 2 0 0 0 0
132 1 0 0 0 0
134 1 1 0 0 0
135 4 0 0 0 0
138 4 0 0 0 0
142 1 0 0 0 0
145 5 0 0 0 0
146 4 1 1 0 0
149 6 0 0 0 0
151 2 0 0 0 0
153 1 0 0 0 0
157 1 1 0 0 0
158 1 0 0 0 0
161 1 1 1 0 0
168 4 0 0 0 0
170 1 0 0 0 0
173 1 1 0 0 0
178 4 0 0 0 0
180 1 1 0 0 0
fl=./elf/../sysdeps/unix/sysv/linux/brk.c
fn=brk
36 4 0 0 0 0
37 2 0 0 0 0
38 2 1 0 0 0
44 1 0 0 0 0
45 3 0 0 0 0
fl=./elf/../sysdeps/unix/sysv/linux/brk_call.h
fn=brk
24 2 0 0 0 0
fl=./elf/../sysdeps/unix/sysv/linux/dl-extra_tls.h
fn=_dl_determine_tlsoffset
32 6 0 0 0 0
33 1 1 0 0 0
37 10 0 0 0 0
44 1 0 0 0 0
51 5 0 0 0 0
52 1 1 1 0 0
54 2 0 0 0 0
68 2 0 0 0 0
fl=./elf/../sysdeps/unix/sysv/linux/dl-osinfo.h
fn=dl_main
39 1 0 0 0 0
fl=./elf/../sysdeps/unix/sysv/linux/dl-parse_auxv.h
fn=_dl_sysdep_parse_arguments
33 3 0 0 0 0
34 2 0 0 0 0
40 2 0 0 0 0
42 49 24 6 0 0
43 46 23 0 0 0
44 46 0 0 0 0
46 1 0 0 0 0
47 5 0 0 0 0
48 2 0 0 0 0
49 2 0 0 0 0
50 2 0 0 0 0
51 1 0 0 0 0
52 2 0 0 0 0
53 2 0 0 0 0
54 2 0 0 0 0
55 1 0 0 0 0
57 2 0 0 0 0
65 7 0 0 0 0
67 7 0 0 0 0
fl=./elf/../sysdeps/unix/sysv/linux/dl-sysdep.c
fn=_dl_sysdep_parse_arguments
79 6 0 0 0 0
80 3 0 0 0 0
81 2 0 0 0 0
82 5 0 0 0 0
84 66 33 10 0 0
87 4 0 0 0 0
91 6 0 0 0 0
94 2 0 0 0 0
95 2 0 0 0 0
96 2 0 0 0 0
97 5 0 0 0 0
fn=_dl_sysdep_start
103 8 0 0 0 0
104 3 0 0 0 0
107 2 0 0 0 0
111 3 0 0 0 0
114 1 0 0 0 0
116 2 0 0 0 0
123 3 1 0 0 0
124 2 0 0 0 0
126 6 1 0 0 0
138 2 1 0 0 0
141 6 0 0 1 1
144 8 0 0 0 0
fn=_dl_sysdep_start_cleanup
148 3 0 0 0 0
149 3 0 0 0 0
fl=./elf/../sysdeps/unix/sysv/linux/dl-vdso-setup.h
fn=dl_main
30 1 0 0 0 0
33 2 0 0 0 0
45 2 0 0 0 0
54 3 0 0 0 0
fl=./elf/../sysdeps/unix/sysv/linux/dl-vdso.h
fn=dl_main
40 4 0 0 0 0
41 1 1 0 0 0
55 2 0 0 0 0
fl=./elf/../sysdeps/unix/sysv/linux/rseq-internal.h
fn=__tls_init_tp
93 3 0 0 0 0
100 1 1 1 0 0
102 1 0 0 0 0
108 3 0 0 0 0
112 5 0 0 0 0
116 2 0 0 0 0
118 6 0 0 0 0
119 2 1 1 0 0
124 4 0 0 0 0
fl=./elf/./dl-find_object.h
fn=_dl_find_object_from_map
94 120 0 0 0 0
95 80 0 0 0 0
96 120 0 0 0 0
97 80 0 0 0 0
103 200 0 0 0 0
104 878 306 1 0 0
105 1038 306 51 0 0
107 200 0 0 0 0
120 120 0 0 0 0
fl=./elf/./dl-hwcaps.h
fn=_dl_important_hwcaps
43 9 0 0 0 0
46 1 0 0 0 0
77 6 0 0 0 0
78 5 0 0 0 0
79 3 0 0 0 0
fn=copy_hwcaps
43 4 0 0 0 0
77 2 0 0 0 0
78 2 0 0 0 0
79 2 0 0 0 0
fl=./elf/./dl-load.h
fn=_dl_map_object_from_fd
91 148 74 3 0 0
92 144 36 0 0 0
93 180 36 0 0 0
94 108 0 0 0 0
96 144 0 0 0 0
fl=./elf/./dl-main.h
fn=dl_main
109 5 0 0 0 0
fl=./elf/./dl-map-segments.h
fn=_dl_map_object_from_fd
28 111 37 2 0 0
36 222 0 0 0 0
37 407 0 0 0 0
41 74 37 0 0 0
44 185 0 0 0 0
45 296 0 0 0 0
49 259 37 35 0 0
55 74 37 2 0 0
56 407 0 0 0 0
58 222 0 0 0 0
59 74 0 0 0 0
60 74 37 2 0 0
61 222 0 0 0 0
81 37 0 0 0 0
101 185 0 0 0 0
105 37 0 0 0 0
106 74 0 0 0 0
108 37 37 22 0 0
115 333 37 0 0 0
118 259 37 0 0 0
125 111 0 0 0 0
135 370 74 11 0 0
137 111 37 0 0 0
139 518 37 2 0 0
149 222 74 3 0 0
155 74 0 0 0 0
156 37 0 0 0 0
157 185 0 0 0 0
158 37 0 0 0 0
160 74 0 0 0 0
165 74 37 0 0 0
168 74 37 0 0 0
176 444 0 0 0 0
182 74 37 10 0 0
186 63 0 0 0 0
189 28 7 1 0 0
194 74 0 0 0 0
fl=./elf/./dl-sym-post.h
fn=lookup_malloc_symbol
41 8 4 0 0 0
53 12 4 0 0 0
fl=./elf/./dl-tls_block_align.h
fn=_dl_allocate_tls_storage
23 3 0 0 0 0
41 1 0 0 0 0
59 4 0 0 0 0
66 4 0 0 0 0
fl=./elf/./elf/dl-addr-obj.c
fn=_dl_addr_inside_object
65 3 0 0 0 0
66 1 0 0 0 0
67 2 0 0 0 0
69 24 8 0 0 0
70 32 8 4 0 0
71 5 1 1 0 0
74 3 0 0 0 0
fl=./elf/./elf/dl-audit.c
fn=_dl_audit_activity_map
29 6 0 0 0 0
30 3 0 0 0 0
31 2 1 1 0 0
37 5 0 0 0 0
fn=_dl_audit_activity_nsid
41 12 0 0 0 0
45 15 0 0 0 0
46 3 0 0 0 0
47 12 3 1 0 0
51 9 0 0 0 0
fn=_dl_audit_objclose
97 195 0 0 0 0
98 156 39 1 0 0
114 156 0 0 0 0
fn=_dl_audit_objopen
77 222 0 0 0 0
78 148 37 0 0 0
93 185 0 0 0 0
fn=_dl_audit_preinit
118 5 0 0 0 0
119 4 1 0 0 0
129 4 0 0 0 0
fl=./elf/./elf/dl-cache.c
fn=_dl_cache_libcmp
341 813 0 0 0 0
342 3240 1620 43 0 0
344 6336 1584 56 0 0
346 4864 56 4 0 0
352 53 0 0 0 0
353 106 0 0 0 0
354 285 57 9 0 0
355 12 0 0 0 0
356 285 57 4 0 0
357 12 0 0 0 0
358 106 53 4 0 0
362 6 0 0 0 0
364 3056 1528 1 0 0
365 1 0 0 0 0
366 3054 1527 231 0 0
367 231 0 0 0 0
370 1296 0 0 0 0
371 1296 0 0 0 0
374 72 0 0 0 0
375 813 0 0 0 0
fn=_dl_load_cache_lookup
387 252 0 0 0 0
389 108 36 0 0 0
392 144 36 4 0 0
395 7 0 0 0 0
403 6 2 0 0 0
404 12 2 1 0 0
407 7 1 0 0 0
408 1 0 0 0 0
415 1 0 0 0 0
416 2 0 0 0 0
461 70 35 0 0 0
466 144 36 0 0 0
469 216 0 0 0 0
484 72 36 0 0 0
488 36 36 0 0 0
496 108 0 0 0 0
497 432 72 4 0 0
498 108 0 0 0 0
499 36 0 0 0 0
500 216 0 0 0 0
fn=_dl_unload_cache
509 4 0 0 0 0
510 6 1 1 0 0
512 2 0 0 0 0
513 1 0 0 0 0
517 1 0 0 0 0
519 4 0 0 0 0
fn=search_cache
199 180 0 0 0 0
200 108 0 0 0 0
207 508 236 2 0 0
209 852 0 0 0 0
210 960 0 0 0 0
214 472 236 0 0 0
218 708 0 0 0 0
219 472 236 4 0 0
227 178 71 5 0 0
229 70 0 0 0 0
232 70 35 0 0 0
234 175 0 0 0 0
236 179 0 0 0 0
246 72 36 5 0 0
256 108 36 0 0 0
257 108 36 0 0 0
264 72 36 0 0 0
282 180 36 0 0 0
287 108 72 0 0 0
314 36 0 0 0 0
316 108 0 0 0 0
330 200 200 105 0 0
331 102 0 0 0 0
333 98 0 0 0 0
337 252 0 0 0 0
fl=./elf/./elf/dl-call-libc-early-init.c
fn=_dl_call_libc_early_init
27 7 0 0 0 0
29 1 1 0 0 0
33 9 0 0 0 0
37 1 1 0 0 0
39 7 1 0 0 0
40 3 0 0 1 1
41 3 0 0 0 0
fl=./elf/./elf/dl-call_fini.c
fn=_dl_call_fini
24 195 0 0 0 0
28 117 39 1 0 0
32 117 0 0 0 0
34 39 0 0 0 0
35 39 39 4 0 0
38 111 0 0 0 0
39 148 0 0 0 0
42 317 81 8 0 0
43 88 0 0 44 44
47 39 0 0 0 0
48 39 39 2 0 0
49 185 0 0 37 37
50 119 0 0 0 0
fl=./elf/./elf/dl-catch.c
fn=_dl_catch_error
258 10 0 0 0 0
260 2 0 0 0 0
261 1 0 0 0 0
262 2 0 0 0 0
263 4 0 0 0 0
265 5 0 0 0 0
fn=_dl_catch_exception
58 420 140 15 0 0
59 420 0 0 0 0
69 420 140 0 0 0
70 840 0 0 0 0
208 840 0 0 0 0
211 140 140 0 0 0
218 140 0 0 0 0
232 280 0 0 0 0
233 140 0 0 0 0
239 700 140 0 0 0
241 280 0 0 140 2
243 420 0 0 0 0
252 560 0 0 0 0
fn=_dl_receive_error
58 3 1 0 0 0
59 1 0 0 0 0
69 2 1 0 0 0
70 2 0 0 0 0
190 7 0 0 0 0
192 3 0 0 0 0
196 2 0 0 0 0
198 1 0 0 1 1
201 2 0 0 0 0
202 5 0 0 0 0
fl=./elf/./elf/dl-debug.c
fn=_dl_debug_initialize
56 4 0 0 0 0
57 1 0 0 0 0
59 1 0 0 0 0
61 1 0 0 0 0
63 2 1 0 0 0
64 2 0 0 0 0
85 4 1 0 0 0
90 2 1 1 0 0
91 3 0 0 0 0
95 2 1 1 0 0
96 9 0 0 0 0
99 1 1 1 0 0
107 3 0 0 0 0
fn=_dl_debug_state
116 6 0 0 0 0
117 6 0 0 0 0
fn=_dl_debug_update
38 152 0 0 0 0
40 38 37 6 0 0
41 76 0 0 0 0
44 76 38 6 0 0
48 114 0 0 0 0
fl=./elf/./elf/dl-deps.c
fn=_dl_map_object_deps
128 2 0 0 0 0
129 2 0 0 0 0
130 4 0 0 0 0
136 7 0 0 0 0
143 12 0 0 0 0
144 15 2 1 0 0
160 7 2 0 0 0
161 1 0 0 0 0
164 2 0 0 0 0
182 3 0 0 0 0
183 2 0 0 0 0
184 2 0 0 0 0
186 1 0 0 0 0
188 81 0 0 0 0
190 39 0 0 0 0
193 117 0 0 0 0
197 78 39 1 0 0
198 232 77 2 0 0
201 37 37 0 0 0
205 74 0 0 0 0
208 86 43 3 0 0
210 111 37 3 0 0
215 37 0 0 0 0
216 37 0 0 0 0
217 74 0 0 0 0
218 74 0 0 0 0
219 74 0 0 0 0
221 2341 1152 37 0 0
222 2230 1115 48 0 0
228 1232 139 25 0 0
230 139 0 0 0 0
232 698 0 0 0 0
233 278 139 15 0 0
242 139 0 0 0 0
244 417 139 10 0 0
249 111 0 0 0 0
252 37 0 0 0 0
253 37 0 0 0 0
255 74 0 0 0 0
256 37 0 0 0 0
257 111 0 0 0 0
259 148 0 0 0 0
263 139 139 5 0 0
264 256 0 0 0 0
266 4880 976 7 0 0
417 39 39 2 0 0
419 74 0 0 0 0
422 74 0 0 0 0
423 37 37 0 0 0
429 37 0 0 0 0
430 148 0 0 0 0
431 185 0 0 0 0
433 37 0 0 0 0
434 37 0 0 0 0
435 111 0 0 0 0
439 117 39 10 0 0
441 117 0 0 0 0
442 115 77 19 0 0
448 6 1 1 0 0
449 4 0 0 0 0
452 3 1 1 0 0
463 3 0 0 0 0
465 2 1 0 0 0
470 4 0 0 0 0
471 1 0 0 0 0
472 1 0 0 0 0
474 118 39 6 0 0
478 117 39 0 0 0
484 78 0 0 0 0
485 78 0 0 0 0
490 117 0 0 0 0
495 2 1 1 0 0
532 2 1 0 0 0
533 1 1 1 0 0
536 1 0 0 0 0
547 5 0 0 0 0
552 7 0 0 0 0
553 7 0 0 0 0
557 1 0 0 0 0
558 1 0 0 0 0
559 1 0 0 0 0
560 3 0 0 0 0
561 1 1 1 0 0
568 2 1 1 0 0
571 1 1 0 0 0
574 10 0 0 0 0
fn=openaux
61 834 0 0 0 0
64 1240 139 9 0 0
65 139 0 0 0 0
66 128 0 0 0 0
69 556 0 0 0 0
fl=./elf/./elf/dl-environ.c
fn=_dl_next_ld_env_entry
28 12 0 0 0 0
29 3 0 0 0 0
32 67 33 2 0 0
34 96 32 19 0 0
35 33 11 6 0 0
37 2 0 0 0 0
40 4 0 0 0 0
49 9 0 0 0 0
fl=./elf/./elf/dl-find_object.c
fn=_dl_find_object_init
562 6 0 0 0 0
565 2 0 0 0 0
567 2 1 0 0 0
574 4 0 0 0 0
580 2 0 0 0 0
581 3 0 0 0 0
583 1 1 0 0 0
586 1 1 0 0 0
591 1 0 0 0 0
592 1 0 0 0 0
595 2 1 1 0 0
597 2 0 0 0 0
600 5 0 0 0 0
602 1 0 0 0 0
605 5 0 0 0 0
fn=_dlfo_process_initial
475 8 0 0 0 0
476 4 0 0 0 0
478 2 0 0 0 0
479 4 2 2 0 0
482 8 0 0 0 0
486 2 0 0 0 0
487 8 0 0 0 0
488 70 24 2 0 0
489 67 22 11 0 0
491 8 3 2 0 0
494 10 0 0 0 0
496 6 0 0 0 0
498 6 0 0 0 0
500 6 0 0 0 0
505 22 4 0 0 0
506 82 80 3 0 0
507 78 0 0 0 0
509 384 154 2 0 0
512 304 76 4 0 0
514 152 76 3 0 0
516 114 0 0 0 0
518 152 0 0 0 0
522 2 0 0 0 0
530 4 0 0 0 0
532 8 0 0 0 0
fn=_dlfo_sort_mappings
537 4 0 0 0 0
538 2 1 0 0 0
541 82 39 7 0 0
545 78 0 0 0 0
546 2496 819 62 0 0
547 1560 0 0 0 0
549 2340 0 0 0 0
554 117 0 0 0 0
555 78 0 0 0 0
556 39 0 0 0 0
558 3 0 0 0 0
fl=./elf/./elf/dl-fini.c
fn=_dl_fini
26 10 0 0 0 0
43 1 0 0 0 0
46 14 2 0 0 0
49 5 0 0 1 1
51 1 0 0 0 0
54 1 1 1 0 0
56 5 1 1 0 0
59 1 0 0 0 0
61 2 0 0 0 0
63 4 0 0 0 0
68 14 2 1 0 0
72 1 0 0 0 0
74 81 40 5 0 0
76 117 39 2 0 0
78 78 39 0 0 0
80 39 0 0 0 0
81 39 0 0 0 0
82 39 0 0 0 0
86 117 0 0 0 0
93 5 1 0 0 0
94 8 1 1 0 0
100 5 0 0 0 0
109 5 0 0 1 1
114 122 40 3 0 0
116 39 0 0 0 0
118 78 39 0 0 0
120 117 0 0 0 0
123 117 0 0 0 0
128 117 0 0 0 0
131 1 1 1 0 0
135 6 0 0 0 0
141 6 2 0 0 0
143 2 0 0 0 0
147 2 1 1 0 0
154 9 0 0 0 0
fl=./elf/./elf/dl-hwcaps-subdirs.c
fn=_dl_hwcaps_subdirs_active
27 3 0 0 0 0
29 4 0 0 0 0
fl=./elf/./elf/dl-hwcaps.c
fn=_dl_important_hwcaps
52 6 2 0 0 0
100 5 0 0 0 0
102 1 1 0 0 0
105 1 0 0 0 0
108 1 0 0 0 0
112 3 1 0 0 0
125 3 1 0 0 0
133 2 1 0 0 0
142 6 1 1 0 0
172 11 0 0 0 0
174 2 0 0 0 0
175 3 0 0 0 0
185 1 0 0 0 0
186 3 0 0 0 0
189 3 0 0 0 0
193 2 0 0 0 0
194 1 1 0 0 0
202 3 0 0 0 0
203 5 0 0 0 0
204 6 0 0 0 0
208 2 0 0 0 0
213 2 0 0 0 0
216 7 0 0 0 0
fn=copy_hwcaps
74 12 0 0 0 0
77 6 2 0 0 0
80 4 0 0 0 0
84 2 0 0 0 0
90 10 0 0 0 0
fl=./elf/./elf/dl-hwcaps_split.c
fn=_dl_hwcaps_split
25 30 0 0 0 0
26 12 6 3 0 0
27 6 0 0 0 0
30 9 0 0 0 0
34 9 3 3 0 0
36 3 3 3 0 0
47 24 0 0 0 0
fn=_dl_hwcaps_split_masked
51 40 0 0 0 0
54 20 5 5 0 0
62 25 0 0 0 0
fl=./elf/./elf/dl-init.c
fn=_dl_init
81 11 0 0 0 0
83 1 0 0 0 0
86 4 1 1 0 0
88 1 0 0 0 0
89 2 0 0 0 0
94 3 1 0 0 0
119 1 0 0 0 0
120 120 40 9 0 0
121 234 0 0 0 0
127 7 0 0 0 0
fn=call_init
27 200 0 0 0 0
29 120 40 13 0 0
35 320 40 3 0 0
37 40 40 1 0 0
43 117 0 0 0 0
46 117 39 1 0 0
47 2 1 1 0 0
51 114 38 2 0 0
59 76 38 2 0 0
60 252 0 0 36 36
63 38 0 0 0 0
64 38 38 0 0 0
70 114 0 0 0 0
72 152 0 0 0 0
73 440 91 11 0 0
74 265 0 0 53 53
76 162 0 0 0 0
fl=./elf/./elf/dl-load.c
fn=_dl_dst_count
228 564 0 0 0 0
231 282 0 0 0 0
234 141 141 0 0 0
235 141 0 0 0 0
254 705 0 0 0 0
fn=_dl_init_paths
680 10 0 0 0 0
694 9 0 0 0 0
699 1 0 0 0 0
701 1 1 0 0 0
708 4 0 0 0 0
709 4 0 0 0 0
713 2 0 0 0 0
715 3 1 0 0 0
721 1 0 0 0 0
722 4 0 0 0 0
730 4 0 0 0 0
732 6 0 0 0 0
735 6 0 0 0 0
736 4 0 0 0 0
737 7 0 0 0 0
740 15 3 0 0 0
741 5 4 0 0 0
742 18 0 0 0 0
744 18 4 1 0 0
750 3 0 0 0 0
751 1 0 0 0 0
756 2 0 0 0 0
759 4 0 0 0 0
761 4 1 0 0 0
763 2 1 1 0 0
780 2 0 0 0 0
782 2 1 1 0 0
796 2 0 0 0 0
799 4 2 1 0 0
800 1 0 0 0 0
801 18 2 1 0 0
805 1 0 0 0 0
806 31 15 10 0 0
807 28 0 0 0 0
808 28 0 0 0 0
810 3 0 0 0 0
811 2 0 0 0 0
812 1 1 0 0 0
818 7 0 0 0 0
821 3 1 0 0 0
827 3 0 0 0 0
831 9 0 0 0 0
fn=_dl_map_object
1914 1400 0 0 0 0
1916 37 0 0 0 0
1922 280 139 0 0 0
1923 980 140 0 0 0
1926 4548 1854 43 0 0
1931 9085 1817 0 0 0
1933 7268 1817 20 0 0
1937 3428 1714 0 0 0
1938 3428 1714 47 0 0
1941 5880 1470 8 0 0
1942 4410 0 0 0 0
1943 5880 1470 31 0 0
1956 37 0 0 0 0
1957 148 37 5 0 0
1958 37 0 0 0 0
1964 37 0 0 0 0
1969 111 37 0 0 0
1983 148 37 9 0 0
1987 144 0 0 0 0
1989 72 36 0 0 0
1996 108 72 6 0 0
2000 36 0 0 0 0
2001 36 0 0 0 0
2005 158 79 14 0 0
2006 589 79 14 0 0
2008 468 0 0 0 0
2020 216 0 0 0 0
2021 216 72 0 0 0
2022 324 36 0 0 0
2031 36 36 0 0 0
2046 180 36 0 0 0
2047 540 36 2 0 0
2053 72 36 3 0 0
2054 324 36 0 0 0
2062 36 36 11 0 0
2064 108 36 0 0 0
2068 108 0 0 0 0
2070 36 36 0 0 0
2074 36 36 0 0 0
2082 72 36 0 0 0
2105 360 0 0 0 0
2109 108 36 0 0 0
2110 36 0 0 0 0
2127 72 36 0 0 0
2133 1 0 0 0 0
2134 4 0 0 0 0
2135 1 1 0 0 0
2136 1 1 0 0 0
2140 9 0 0 0 0
2143 2 1 0 0 0
2155 110 0 0 0 0
2200 111 0 0 0 0
2201 445 0 0 0 0
2203 1400 0 0 0 0
fn=_dl_map_object_from_fd
949 666 0 0 0 0
964 111 37 2 0 0
994 1776 777 37 0 0
995 1480 740 0 0 0
1013 37 37 3 0 0
1043 111 37 0 0 0
1053 111 37 0 0 0
1060 259 0 0 0 0
1061 37 37 0 0 0
1072 111 0 0 0 0
1073 74 0 0 0 0
1074 74 0 0 0 0
1076 74 0 0 0 0
1077 185 37 0 0 0
1078 74 0 0 0 0
1093 111 0 0 0 0
1095 74 0 0 0 0
1097 555 74 4 0 0
1098 37 0 0 0 0
1099 37 0 0 0 0
1100 37 0 0 0 0
1101 37 0 0 0 0
1107 1321 391 0 0 0
1108 3114 1499 219 0 0
1114 74 37 0 0 0
1121 79 0 0 0 0
1122 111 0 0 0 0
1123 259 0 0 0 0
1128 2 0 0 0 0
1129 1 0 0 0 0
1134 407 74 0 0 0
1142 148 0 0 0 0
1143 185 0 0 0 0
1144 296 0 0 0 0
1146 370 0 0 0 0
1148 518 74 0 0 0
1150 296 0 0 0 0
1163 296 74 37 0 0
1169 222 0 0 0 0
1170 407 0 0 0 0
1183 10 5 0 0 0
1187 5 0 0 0 0
1188 10 0 0 0 0
1192 25 0 0 0 0
1193 10 0 0 0 0
1196 5 0 0 0 0
1201 20 5 2 0 0
1216 74 0 0 0 0
1217 37 0 0 0 0
1220 74 0 0 0 0
1221 74 0 0 0 0
1225 111 37 0 0 0
1235 259 74 2 0 0
1236 148 0 0 0 0
1242 111 37 0 0 0
1252 111 37 0 0 0
1259 222 0 0 0 0
1275 148 37 0 0 0
1276 111 0 0 0 0
1282 26 0 0 0 0
1283 148 37 0 0 0
1285 148 37 2 0 0
1295 74 37 0 0 0
1314 111 0 0 0 0
1316 222 37 0 0 0
1336 74 37 10 0 0
1337 15 0 0 0 0
1343 1189 391 37 0 0
1344 1136 354 41 0 0
1350 112 0 0 0 0
1351 112 0 0 0 0
1355 111 37 0 0 0
1368 111 37 0 0 0
1370 148 0 0 0 0
1372 74 37 0 0 0
1388 74 0 0 0 0
1392 37 37 0 0 0
1393 74 37 0 0 0
1410 74 37 2 0 0
1411 2 0 0 0 0
1414 111 0 0 0 0
1419 74 37 0 0 0
1424 111 37 0 0 0
1436 259 37 5 0 0
1437 22 11 1 0 0
1438 90 20 10 0 0
1439 20 0 0 0 0
1440 6 0 0 0 0
1446 74 37 12 0 0
1447 20 5 0 0 0
1452 10 0 0 0 0
1459 111 0 0 0 0
1462 37 37 0 0 0
1465 148 0 0 0 0
1467 37 0 0 0 0
1468 370 0 0 0 0
fn=_dl_notify_new_object
908 296 0 0 0 0
910 111 0 0 0 0
911 74 37 4 0 0
929 74 37 3 0 0
933 296 37 2 0 0
934 111 0 0 0 0
936 148 0 0 0 0
fn=_dl_process_pt_gnu_property
842 140 0 0 0 0
843 84 0 0 0 0
844 28 0 0 0 0
850 84 28 0 0 0
856 140 28 0 0 0
859 84 28 0 0 0
860 84 28 0 0 0
861 140 28 0 0 0
864 84 28 0 0 0
865 56 28 0 0 0
869 28 0 0 0 0
870 56 0 0 0 0
875 28 0 0 0 0
878 56 28 0 0 0
881 28 0 0 0 0
882 112 28 0 0 0
892 84 0 0 0 0
901 28 0 0 0 0
904 112 0 0 0 0
fn=cache_rpath
655 453 0 0 0 0
656 453 151 45 0 0
657 151 0 0 0 0
659 44 22 6 0 0
660 22 0 0 0 0
662 66 22 4 0 0
665 44 0 0 0 0
673 453 0 0 0 0
fn=expand_dynamic_string_token
375 14 0 0 0 0
385 4 0 0 0 0
388 2 2 0 0 0
389 4 0 0 0 0
400 8 0 0 0 0
fn=fillin_rpath.isra.0
442 12 0 0 0 0
446 1 0 0 0 0
448 10 2 1 0 0
455 2 1 0 0 0
457 6 0 0 0 0
461 1 1 0 0 0
466 2 0 0 0 0
467 1 1 1 0 0
474 6 2 2 0 0
479 3 0 0 0 0
483 13 5 2 0 0
484 12 4 4 0 0
502 3 1 1 0 0
506 7 0 0 0 0
508 1 1 0 0 0
512 1 0 0 0 0
513 3 0 0 0 0
514 4 0 0 0 0
515 1 0 0 0 0
517 4 1 1 0 0
523 5 0 0 0 0
524 7 2 0 0 0
525 1 0 0 0 0
527 2 0 0 0 0
528 2 1 1 0 0
529 1 0 0 0 0
535 2 0 0 0 0
536 1 0 0 0 0
539 3 0 0 0 0
545 1 0 0 0 0
548 8 0 0 0 0
fn=open_path
1485 72 0 0 0 0
1759 396 0 0 0 0
1760 72 0 0 0 0
1763 72 0 0 0 0
1764 108 0 0 0 0
1766 36 36 0 0 0
1769 72 0 0 0 0
1771 792 72 9 0 0
1774 108 0 0 0 0
1778 36 0 0 0 0
1782 72 36 0 0 0
1789 252 0 0 0 0
1790 289 72 1 0 0
1793 108 36 0 0 0
1798 468 0 0 0 0
1801 36 0 0 0 0
1807 72 36 0 0 0
1810 288 0 0 0 0
1812 72 36 4 0 0
1814 2 1 1 0 0
1819 1 1 0 0 0
1820 8 1 1 0 0
1826 2 0 0 0 0
1828 4 1 0 0 0
1829 7 0 0 0 0
1831 1 0 0 0 0
1838 105 0 0 0 0
1840 142 35 2 0 0
1884 324 108 0 0 0
1888 108 0 0 0 0
1890 144 36 0 0 0
1893 144 36 3 0 0
1907 360 0 0 0 0
fn=open_verify.constprop.0
1521 876 0 0 0 0
1553 219 73 1 0 0
1558 72 0 0 0 0
1572 292 0 0 0 0
1574 146 73 4 0 0
1582 111 0 0 0 0
1583 74 0 0 0 0
1588 185 0 0 0 0
1590 74 37 0 0 0
1592 111 0 0 0 0
1594 74 37 0 0 0
1600 74 37 0 0 0
1615 598 186 5 0 0
1696 111 37 0 0 0
1701 111 37 0 0 0
1707 185 37 0 0 0
1713 111 37 0 0 0
1719 74 0 0 0 0
1720 148 37 0 0 0
1746 657 0 0 0 0
fl=./elf/./elf/dl-lookup-direct.c
fn=_dl_lookup_direct
74 33 0 0 0 0
75 3 0 0 0 0
76 3 3 0 0 0
78 18 0 0 0 0
79 3 3 1 0 0
81 6 0 0 0 0
84 20 5 2 0 0
86 5 0 0 0 0
87 28 0 0 0 0
90 3 3 2 0 0
93 4 2 2 0 0
115 3 0 0 0 0
116 21 0 0 0 0
fn=check_match
31 33 0 0 0 0
32 9 3 3 0 0
33 6 0 0 0 0
36 12 3 0 0 0
40 6 0 0 0 0
48 9 3 0 0 0
51 9 0 0 0 0
53 12 3 0 0 0
57 6 0 0 0 0
58 24 3 0 0 0
59 9 0 0 0 0
64 21 0 0 0 0
fl=./elf/./elf/dl-lookup.c
fn=_dl_lookup_symbol_x
759 75004 0 0 0 0
761 8824 0 0 0 0
762 17648 0 0 0 0
763 4412 0 0 0 0
765 30884 0 0 0 0
769 7972 7972 766 0 0
771 5264 0 0 0 0
772 4412 4412 3 0 0
778 26901 4555 4 0 0
779 61768 4412 4 0 0
784 4412 4412 4 0 0
786 715 286 4 0 0
803 4412 0 0 0 0
804 429 0 0 0 0
807 8824 0 0 0 0
808 25598 8534 7 0 0
843 21345 4269 4 0 0
857 8538 4269 3 0 0
858 3 0 0 0 0
860 8538 4269 4 0 0
879 44120 0 0 0 0
fn=check_match
70 56381 0 0 0 0
73 26022 4337 7 0 0
78 136 0 0 0 0
86 21685 4337 2 0 0
89 28109 8224 4300 0 0
93 4337 0 0 0 0
94 4337 4337 515 0 0
98 3628 3628 2 0 0
102 3628 0 0 0 0
103 32652 3628 123 0 0
104 14240 3560 54 0 0
105 204 0 0 0 0
106 68 68 12 0 0
131 709 709 14 0 0
133 2836 709 20 0 0
134 2127 0 0 0 0
149 30359 0 0 0 0
fn=do_lookup_x
334 88240 0 0 0 0
335 4412 0 0 0 0
341 4412 0 0 0 0
345 133414 0 0 0 0
348 133414 66707 3 0 0
352 71119 66707 54 0 0
373 133414 66707 26 0 0
377 155474 66707 16 0 0
383 133414 66707 2 0 0
387 66707 0 0 0 0
388 66707 0 0 0 0
391 266828 66707 6 0 0
392 200121 0 0 0 0
395 66707 0 0 0 0
396 66707 66707 0 0 0
398 66707 0 0 0 0
399 71119 0 0 0 0
400 133414 0 0 0 0
402 4412 0 0 0 0
403 133414 0 0 0 0
406 266828 66707 8343 0 0
409 23607 0 0 0 0
410 7869 0 0 0 0
411 7869 7869 1146 0 0
413 61722 0 0 0 0
416 52180 13045 5044 0 0
418 4337 0 0 0 0
419 68281 0 0 0 0
420 13011 0 0 0 0
423 17144 4337 36 0 0
426 17552 8776 3104 0 0
435 5178 0 0 0 0
448 21345 0 0 0 0
457 20712 2589 2 0 0
463 8538 4269 12 0 0
470 31732 11597 624 0 0
474 1815 605 4 0 0
486 8538 0 0 0 0
488 4269 0 0 0 0
505 187314 62438 143 0 0
508 286 0 0 0 0
509 39708 0 0 0 0
fl=./elf/./elf/dl-minimal-malloc.c
fn=__minimal_calloc
80 390 0 0 0 0
84 78 0 0 0 0
87 78 0 0 0 0
88 312 78 6 0 0
92 156 0 0 0 0
fn=__minimal_free
97 4 0 0 0 0
99 5 1 0 0 0
106 4 0 0 0 0
fn=__minimal_malloc
36 995 0 0 0 0
37 795 199 2 0 0
42 4 0 0 0 0
43 4 0 0 0 0
44 2 0 0 0 0
48 795 0 0 0 0
49 199 0 0 0 0
51 1194 200 53 0 0
56 45 0 0 0 0
57 27 9 0 0 0
59 18 0 0 0 0
60 72 0 0 0 0
62 18 9 0 0 0
64 36 0 0 0 0
65 45 9 7 0 0
67 34 0 0 0 0
70 405 0 0 0 0
71 9 0 0 0 0
73 796 0 0 0 0
fl=./elf/./elf/dl-minimal.c
fn=__rtld_malloc_init_real
76 6 0 0 0 0
86 3 0 0 0 0
87 1 0 0 0 0
89 1 0 0 0 0
91 7 0 0 0 0
92 6 0 0 0 0
93 7 0 0 0 0
94 5 0 0 0 0
99 3 0 0 0 0
101 1 0 0 0 0
102 1 0 0 0 0
103 5 0 0 0 0
fn=__rtld_malloc_init_stubs
42 3 0 0 0 0
43 5 0 0 0 0
44 2 0 0 0 0
45 3 0 0 0 0
46 3 0 0 0 0
47 3 0 0 0 0
fn=lookup_malloc_symbol
61 24 0 0 0 0
63 4 0 0 0 0
64 36 0 0 0 0
68 20 4 0 0 0
69 44 4 0 0 0
71 4 0 0 0 0
72 24 0 0 0 0
fn=strsep
239 4 0 0 0 0
242 4 2 0 0 0
244 2 0 0 0 0
245 2 2 1 0 0
247 1 0 0 0 0
249 31 15 4 0 0
251 28 0 0 0 0
254 84 28 7 0 0
256 56 28 3 0 0
267 1 0 0 0 0
270 1 0 0 0 0
271 1 0 0 0 0
fl=./elf/./elf/dl-misc.c
fn=_dl_name_match_p
68 21132 0 0 0 0
69 10566 3522 19 0 0
70 215 0 0 0 0
72 3522 0 0 0 0
74 7032 7032 203 0 0
75 14900 3725 122 0 0
78 3510 0 0 0 0
80 3307 0 0 0 0
81 14088 0 0 0 0
fn=_dl_sysdep_read_whole_file
36 7 0 0 0 0
39 2 0 0 0 0
40 1 1 1 0 0
42 4 1 0 0 0
44 2 0 0 0 0
47 1 1 1 0 0
49 8 0 0 0 0
60 2 0 0 0 0
63 6 0 0 0 0
fl=./elf/./elf/dl-object.c
fn=_dl_add_to_namespace_list
31 266 0 0 0 0
33 190 0 0 38 1
35 304 38 2 0 0
38 2220 740 84 0 0
40 37 0 0 0 0
42 37 0 0 0 0
45 2 0 0 0 0
46 266 0 0 0 0
47 76 0 0 0 0
48 76 0 0 0 0
50 190 0 0 38 1
51 152 0 0 0 0
fn=_dl_new_object
59 532 0 0 0 0
62 114 38 1 0 0
64 1 1 1 0 0
66 1 1 0 0 0
67 2 1 0 0 0
71 4 0 0 0 0
77 4 0 0 0 0
80 74 0 0 0 0
83 185 0 0 0 0
87 37 0 0 0 0
92 74 0 0 0 0
95 38 38 0 0 0
98 38 0 0 0 0
99 38 0 0 0 0
100 76 0 0 0 0
102 76 0 0 0 0
103 38 0 0 0 0
104 190 0 0 0 0
106 114 0 0 0 0
119 113 75 20 0 0
123 37 0 0 0 0
125 1 0 0 0 0
127 114 0 0 0 0
130 152 38 5 0 0
131 114 0 0 0 0
132 38 0 0 0 0
136 38 0 0 0 0
139 107 54 14 0 0
141 16 0 0 0 0
149 76 0 0 0 0
150 76 0 0 0 0
153 1 0 0 0 0
155 228 38 1 0 0
157 111 0 0 0 0
160 40 38 0 0 0
164 240 80 6 0 0
168 222 74 16 0 0
176 1 0 0 0 0
179 76 0 0 0 0
189 76 38 1 0 0
191 148 0 0 0 0
195 74 37 3 0 0
200 37 37 4 0 0
245 148 0 0 0 0
250 603 0 0 0 0
251 1809 603 54 0 0
255 74 0 0 0 0
256 37 0 0 0 0
259 37 0 0 0 0
263 342 0 0 0 0
fl=./elf/./elf/dl-open.c
fn=_dl_find_dso_for_object
214 6 0 0 0 0
218 7 1 0 0 0
219 2 1 1 0 0
220 6 2 0 0 0
221 2 1 0 0 0
222 4 1 0 0 0
224 4 1 0 0 0
228 6 0 0 0 0
fl=./elf/./elf/dl-reloc.c
fn=_dl_protect_relro
352 234 0 0 0 0
353 78 39 0 0 0
356 273 0 0 0 0
359 78 0 0 0 0
363 78 39 4 0 0
364 156 39 3 0 0
370 156 0 0 0 0
fn=_dl_relocate_object
343 230 0 0 0 0
344 82 40 5 0 0
346 38 0 0 0 0
347 76 0 0 0 0
348 114 0 0 0 0
fn=_dl_relocate_object_no_relro
170 14760 4920 16 0 0
171 9802 4901 0 0 0
174 33815 10313 163 0 0
175 3563 1527 2 0 0
177 2545 0 0 0 0
178 1527 0 0 0 0
183 4392 0 0 0 0
184 4392 0 0 0 0
186 30738 4392 8 0 0
187 13158 0 0 0 0
188 8772 4386 0 0 0
190 35220 0 0 0 0
193 13170 0 0 0 0
194 4392 0 0 0 0
196 509 0 0 0 0
207 468 0 0 0 0
217 39 0 0 0 0
218 78 0 0 0 0
220 78 0 0 0 0
223 39 38 0 0 0
225 117 0 0 0 0
226 78 39 6 0 0
246 39 39 0 0 0
247 156 0 0 0 0
250 78 39 2 0 0
257 78 39 0 0 0
296 13265 3827 455 0 0
298 273 39 5 0 0
321 117 0 0 0 0
324 39 39 0 0 0
338 351 0 0 0 0
fl=./elf/./elf/dl-runtime.c
fn=_dl_fixup
46 144 0 0 0 0
48 64 16 6 0 0
49 48 0 0 0 0
54 16 0 0 0 0
55 64 0 0 0 0
56 96 0 0 0 0
58 32 0 0 0 0
63 32 16 0 0 0
67 48 16 4 0 0
69 46 0 0 0 0
71 32 16 0 0 0
75 45 0 0 0 0
76 60 0 0 0 0
77 15 0 0 0 0
84 16 0 0 0 0
85 64 16 3 0 0
95 144 0 0 0 0
99 32 16 2 0 0
109 192 32 4 0 0
124 64 16 0 0 0
133 32 16 2 0 0
159 48 16 0 0 0
162 16 0 0 0 0
163 112 0 0 0 0
fl=./elf/./elf/dl-setup_hash.c
fn=_dl_setup_hash
25 39 0 0 0 0
28 78 39 0 0 0
31 78 39 0 0 0
32 78 0 0 0 0
33 39 0 0 0 0
36 117 39 0 0 0
37 39 0 0 0 0
38 117 0 0 0 0
40 39 0 0 0 0
41 78 0 0 0 0
43 39 0 0 0 0
44 39 0 0 0 0
45 117 0 0 0 0
50 39 0 0 0 0
fl=./elf/./elf/dl-sort-maps.c
fn=_dl_sort_maps
140 416 78 26 0 0
181 2 0 0 0 0
182 2 0 0 0 0
183 164 80 16 0 0
184 312 0 0 0 0
211 26 4 3 0 0
216 4 0 0 0 0
218 2 0 0 0 0
219 10 0 0 0 0
221 154 76 1 0 0
223 78 0 0 0 0
226 234 78 18 0 0
244 4 2 2 0 0
263 10 0 0 0 0
276 8 4 3 0 0
283 2 0 0 0 0
298 26 0 0 0 0
306 6 2 2 0 0
310 20 0 0 0 0
fn=_dl_sort_maps_init
289 3 0 0 0 0
290 5 0 0 0 0
291 2 0 0 0 0
292 2 0 0 0 0
293 3 0 0 0 0
fn=dfs_traversal.part.0
135 624 0 0 0 0
140 1182 369 27 0 0
143 234 0 0 0 0
145 156 78 8 0 0
147 1482 444 93 0 0
156 156 117 14 0 0
171 234 0 0 0 0
172 78 0 0 0 0
173 480 0 0 0 0
fl=./elf/./elf/dl-tls.c
fn=_dl_add_to_slotinfo
1156 30 0 0 0 0
1157 30 12 0 0 0
1165 6 0 0 0 0
1168 30 0 0 0 0
1169 6 0 0 0 0
1173 18 6 0 0 0
1209 12 6 3 0 0
1212 18 0 0 0 0
1213 30 0 0 0 0
1215 24 0 0 0 0
1218 12 0 0 0 0
1219 24 0 0 0 0
fn=_dl_allocate_tls_init
595 5 0 0 0 0
596 3 1 0 0 0
600 1 0 0 0 0
602 1 0 0 0 0
603 1 0 0 0 0
606 7 0 0 1 1
609 7 1 0 0 0
621 2 0 0 0 0
626 38 7 2 0 0
632 14 7 1 0 0
635 6 0 0 0 0
636 6 6 0 0 0
642 24 6 1 0 0
643 12 0 0 0 0
645 20 0 0 0 0
648 12 6 0 0 0
649 12 0 0 0 0
652 12 6 0 0 0
653 24 6 0 0 0
658 6 0 0 0 0
665 6 0 0 0 0
675 24 6 0 0 0
677 60 0 0 0 0
680 26 6 1 0 0
681 24 0 0 0 0
685 6 0 0 0 0
691 5 0 0 1 1
694 5 0 0 0 0
697 5 0 0 0 0
fn=_dl_allocate_tls_storage
91 5 0 0 0 0
97 3 0 0 0 0
509 5 0 0 0 0
515 2 0 0 0 0
517 1 1 0 0 0
523 1 0 0 0 0
527 2 0 0 0 0
529 3 0 0 0 0
530 1 1 0 0 0
535 6 0 0 0 0
fn=_dl_assign_tls_modid
153 5 0 0 0 0
156 20 5 0 0 0
209 15 0 0 0 0
211 15 0 0 0 0
214 10 0 0 0 0
fn=_dl_count_modids
220 4 0 0 0 0
222 4 1 0 0 0
223 1 0 0 0 0
238 3 0 0 0 0
fn=_dl_determine_tlsoffset
243 6 0 0 0 0
244 2 0 0 0 0
245 1 0 0 0 0
246 1 0 0 0 0
361 1 0 0 0 0
363 42 40 2 0 0
364 39 0 0 0 0
366 78 39 15 0 0
369 18 0 0 0 0
370 12 0 0 0 0
372 12 0 0 0 0
374 57 6 5 0 0
376 14 0 0 0 0
377 1 0 0 0 0
378 3 0 0 0 0
379 3 1 0 0 0
381 2 0 0 0 0
382 1 0 0 0 0
388 55 0 0 0 0
389 5 0 0 0 0
390 15 0 0 0 0
392 10 0 0 0 0
393 10 0 0 0 0
399 15 0 0 0 0
416 2 0 0 0 0
419 6 1 0 0 0
437 1 0 0 0 0
439 2 0 0 0 0
440 7 0 0 0 0
448 6 0 0 0 0
fn=_dl_tls_initial_modid_limit_setup
1117 4 0 0 0 0
1118 2 0 0 0 0
1121 24 7 0 0 0
1123 14 0 0 0 0
1124 7 7 6 0 0
1127 12 0 0 0 0
1130 2 0 0 0 0
1131 3 0 0 0 0
fn=_dl_tls_static_surplus_init
111 4 0 0 0 0
125 5 0 0 0 0
128 6 0 0 0 0
129 5 0 0 0 0
130 3 0 0 0 0
132 3 1 0 0 0
135 1 0 0 0 0
137 2 0 0 0 0
139 4 0 0 0 0
140 4 0 0 0 0
fn=allocate_dtv
452 5 0 0 0 0
457 3 0 0 0 0
461 1 0 0 0 0
463 1 1 0 0 0
466 3 0 0 0 0
472 1 0 0 0 0
478 4 0 0 0 0
fl=./elf/./elf/dl-tunables.c
fn=__GI___tunable_set_val
162 3 0 0 0 0
163 3 0 0 0 0
165 2 0 0 0 0
166 2 0 0 0 0
fn=__GI___tunables_init
43 99 66 1 0 0
46 32 0 0 0 0
49 2188 370 55 0 0
53 32 32 0 0 0
57 160 0 0 0 0
245 8 0 0 0 0
294 7 0 0 0 0
300 3 1 0 0 0
304 10 0 0 0 0
317 768 256 32 0 0
319 481 0 0 0 0
320 608 0 0 0 0
322 768 256 8 0 0
340 2 1 0 0 0
343 27 8 1 0 0
346 16 8 4 0 0
350 8 0 0 0 0
355 6 0 0 0 0
fn=__tunable_get_val
438 100 0 0 0 0
441 224 49 17 0 0
450 35 0 0 0 0
460 18 0 0 0 0
467 175 25 12 0 0
469 75 0 0 0 0
fn=do_tunable_update_val
70 3 0 0 0 0
73 4 2 1 0 0
80 1 0 0 0 0
94 4 1 1 0 0
95 3 1 1 0 0
105 3 0 0 0 0
112 2 1 0 0 0
113 2 1 0 0 0
116 1 0 0 0 0
117 1 0 0 0 0
119 2 0 0 0 0
120 3 0 0 0 0
fl=./elf/./elf/dl-tunables.h
fn=__GI___tunables_init
160 680 10 0 0 0
161 926 298 25 0 0
fl=./elf/./elf/dl-version.c
fn=_dl_check_all_versions
392 4 0 0 0 0
394 5 0 0 0 0
396 80 40 14 0 0
397 78 0 0 0 0
398 195 39 1 0 0
401 6 0 0 0 0
fn=_dl_check_map_versions
36 2489 1705 13 0 0
37 1593 0 0 0 0
38 6932 1705 14 0 0
56 597 199 31 0 0
64 597 199 2 0 0
70 398 199 0 0 0
86 199 0 0 0 0
87 199 199 0 0 0
89 398 0 0 0 0
94 4143 1381 4 0 0
108 4143 1381 178 0 0
110 199 0 0 0 0
113 995 199 4 0 0
120 2364 1182 0 0 0
124 1182 0 0 0 0
147 222 0 0 0 0
155 195 0 0 0 0
156 39 0 0 0 0
164 39 0 0 0 0
170 78 39 0 0 0
172 312 39 0 0 0
174 39 0 0 0 0
175 39 0 0 0 0
177 39 39 2 0 0
180 111 0 0 0 0
184 111 37 0 0 0
198 75 0 0 0 0
200 336 0 0 0 0
208 112 112 0 0 0
213 784 0 0 0 0
215 87 0 0 0 0
217 597 0 0 0 0
218 1880 199 31 0 0
221 398 0 0 0 0
224 995 199 24 0 0
225 10 2 0 0 0
228 6 0 0 0 0
231 796 0 0 0 0
234 734 199 85 0 0
239 87 0 0 0 0
243 224 112 39 0 0
248 75 0 0 0 0
257 188 39 15 0 0
260 96 0 0 0 0
263 688 0 0 0 0
266 344 172 47 0 0
270 148 0 0 0 0
274 38 38 8 0 0
279 38 0 0 0 0
280 38 0 0 0 0
281 38 38 0 0 0
291 38 0 0 0 0
294 154 38 0 0 0
296 38 38 1 0 0
299 111 0 0 0 0
301 75 0 0 0 0
303 336 0 0 0 0
306 398 0 0 0 0
308 398 199 2 0 0
310 833 0 0 0 0
311 199 0 0 0 0
312 597 0 0 0 0
313 597 0 0 0 0
316 398 199 74 0 0
321 87 0 0 0 0
324 224 112 30 0 0
329 75 0 0 0 0
334 38 38 16 0 0
337 72 0 0 0 0
343 344 172 6 0 0
347 148 0 0 0 0
348 764 0 0 0 0
349 444 0 0 0 0
350 148 0 0 0 0
353 344 172 34 0 0
357 148 0 0 0 0
365 24 24 1 0 0
366 74 37 0 0 0
367 74 37 11 0 0
368 6 3 1 0 0
370 3 1 1 0 0
372 57 28 1 0 0
373 54 27 0 0 0
375 1 0 0 0 0
376 8 1 1 0 0
387 351 0 0 0 0
fl=./elf/./elf/do-rel.h
fn=_dl_relocate_object_no_relro
49 234 0 0 0 0
50 156 0 0 0 0
51 78 0 0 0 0
53 390 0 0 0 0
80 78 78 46 0 0
83 2962 964 14 0 0
105 256 0 0 0 0
114 304760 101608 93 0 0
117 128 64 1 0 0
120 126 63 0 0 0
122 19930 4976 54 0 0
124 14739 0 0 0 0
125 14777 0 0 0 0
126 9826 0 0 0 0
127 9826 0 0 0 0
141 18794 4913 125 0 0
142 6744 3372 8 0 0
171 26 7 5 0 0
173 27 0 0 0 0
174 12 0 0 0 0
187 42 6 0 0 0
fn=_dl_start
49 6 0 0 0 0
50 4 0 0 0 0
51 4 0 0 0 0
53 11 0 0 0 0
56 4 2 2 0 0
61 8 3 2 0 0
63 1 0 0 0 0
64 4 0 0 0 0
65 2 0 0 0 0
fl=./elf/./elf/get-dynamic-info.h
fn=_dl_map_object_from_fd
39 37 37 0 0 0
43 37 0 0 0 0
45 2274 1137 65 0 0
49 2200 1100 141 0 0
51 558 279 40 0 0
52 353 0 0 0 0
53 65 0 0 0 0
54 790 251 14 0 0
55 461 0 0 0 0
56 156 39 0 0 0
59 195 39 3 0 0
62 156 39 0 0 0
64 117 0 0 0 0
68 1100 0 0 0 0
72 74 74 0 0 0
84 74 37 4 0 0
85 185 37 0 0 0
86 185 37 0 0 0
87 185 37 0 0 0
88 83 37 6 0 0
89 185 37 0 0 0
90 182 37 1 0 0
91 185 37 0 0 0
103 222 74 0 0 0
110 74 37 0 0 0
115 111 37 0 0 0
122 74 37 0 0 0
123 148 37 1 0 0
129 74 37 6 0 0
130 12 3 0 0 0
147 74 37 17 0 0
152 46 0 0 0 0
154 23 23 4 0 0
156 23 23 4 0 0
158 23 23 0 0 0
159 23 0 0 0 0
162 74 37 2 0 0
164 72 0 0 0 0
165 24 24 9 0 0
166 6 0 0 0 0
174 48 24 0 0 0
180 135 24 1 0 0
181 46 0 0 0 0
184 74 37 15 0 0
fl=./elf/./elf/libc_early_init.c
fn=__libc_early_init
34 11 0 0 0 0
36 1 0 0 0 0
39 3 0 0 0 0
42 4 0 0 0 0
47 9 1 0 0 0
52 4 0 0 0 0
fl=./elf/./elf/rtld.c
fn=_dl_start
457 1 0 0 0 0
461 5 0 0 0 0
478 2 0 0 0 0
479 1 0 0 0 0
480 1 0 0 0 0
481 3 0 0 0 0
490 2 0 0 0 0
496 4 0 0 0 0
498 2 1 0 0 0
519 9 0 0 0 0
545 4 0 0 0 0
548 3 0 0 0 0
549 3 0 0 0 0
565 420 115 48 0 0
567 5 0 0 0 0
585 8 0 0 0 0
fn=dl_main
197 2 0 0 0 0
199 1 0 0 0 0
224 2 0 0 0 0
225 5 1 1 0 0
226 2 2 1 0 0
296 4 0 0 0 0
302 1 0 0 0 0
303 1 0 0 0 0
820 2 0 0 0 0
824 3 0 0 0 0
833 4 0 0 0 0
838 1 0 0 0 0
1098 1 0 0 0 0
1099 2 0 0 0 0
1101 1 0 0 0 0
1105 6 0 0 0 0
1107 3 0 0 0 0
1108 3 0 0 0 0
1123 1 0 0 0 0
1126 38 12 10 0 0
1127 94 45 12 0 0
1131 4 0 0 0 0
1132 1 0 0 0 0
1136 4 0 0 0 0
1137 6 0 0 0 0
1138 1 0 0 0 0
1146 3 0 0 0 0
1147 3 0 0 0 0
1149 1 0 0 0 0
1151 1 0 0 0 0
1152 1 0 0 0 0
1159 4 0 0 0 0
1160 9 0 0 0 0
1161 6 2 1 0 0
1162 1 0 0 0 0
1164 4 0 0 0 0
1165 6 2 1 0 0
1166 3 0 0 0 0
1169 6 0 0 0 0
1170 6 2 0 0 0
1171 2 0 0 0 0
1175 6 0 0 0 0
1178 2 0 0 0 0
1181 2 1 0 0 0
1187 1 0 0 0 0
1188 2 0 0 0 0
1193 5 0 0 0 0
1194 2 0 0 0 0
1195 1 0 0 0 0
1198 6 0 0 0 0
1203 4 0 0 0 0
1204 1 0 0 0 0
1207 2 0 0 0 0
1208 2 0 0 0 0
1209 1 0 0 0 0
1213 23 11 1 0 0
1214 37 11 3 0 0
1226 2 1 0 0 0
1228 3 0 0 0 0
1229 2 1 1 0 0
1231 3 1 0 0 0
1306 13 0 0 0 0
1311 1 0 0 0 0
1312 1 0 0 0 0
1318 1 0 0 0 0
1328 5 0 0 0 0
1329 6 1 1 0 0
1596 9 0 0 0 0
1598 1 1 0 0 0
1599 1 0 0 0 0
1600 3 0 0 0 0
1601 3 0 0 0 0
1605 2 0 0 0 0
1606 6 1 0 0 0
1629 4 1 0 0 0
1635 3 1 0 0 0
1636 6 1 0 0 0
1637 4 1 1 0 0
1638 4 0 0 0 0
1641 3 0 0 0 0
1644 2 0 0 0 0
1646 2 1 0 0 0
1647 1 0 0 0 0
1651 3 1 0 0 0
1653 1 1 0 0 0
1661 2 1 1 0 0
1668 4 0 0 0 0
1671 3 1 0 0 0
1696 6 0 0 0 0
1698 1 0 0 0 0
1703 3 1 1 0 0
1706 4 0 0 0 0
1707 6 0 0 0 0
1708 1 0 0 0 0
1709 1 0 0 0 0
1710 5 0 0 0 0
1711 3 0 0 0 0
1722 5 1 0 0 0
1723 3 1 0 0 0
1725 2 0 0 0 0
1727 1 0 0 0 0
1728 2 0 0 0 0
1732 1 0 0 0 0
1733 3 1 0 0 0
1734 8 1 0 0 0
1736 3 0 0 0 0
1737 2 0 0 0 0
1742 4 1 0 0 0
1751 4 1 0 0 0
1755 1 0 0 0 0
1756 2 1 0 0 0
1780 3 0 0 0 0
1786 2 0 0 0 0
1787 2 0 0 0 0
1788 1 0 0 0 0
1792 4 0 0 0 0
1797 3 1 0 0 0
1799 1 0 0 0 0
1801 2 1 1 0 0
1805 8 0 0 0 0
1810 2 1 0 0 0
1826 8 1 0 0 0
1902 2 1 1 0 0
1906 14 2 2 0 0
1907 1 0 0 0 0
1910 3 0 0 0 0
1911 1 0 0 0 0
1912 1 1 0 0 0
1913 2 1 1 0 0
1918 3 1 1 0 0
1928 9 0 0 0 0
1934 122 40 10 0 0
1935 156 0 0 0 0
1938 4 0 0 0 0
1939 1 1 0 0 0
1940 1 0 0 0 0
1942 36 12 0 0 0
1943 51 12 6 0 0
1950 6 0 0 0 0
1951 2 1 0 0 0
1953 2 0 0 0 0
1955 3 1 0 0 0
1957 3 0 0 0 0
1958 1 0 0 0 0
1959 3 1 0 0 0
1971 4 1 1 0 0
1972 3 0 0 0 0
1973 2 1 1 0 0
1975 3 1 0 0 0
1976 1 0 0 0 0
1983 1 0 0 0 0
1984 3 0 0 0 0
1985 8 0 0 0 0
1995 1 0 0 0 0
1996 3 1 1 0 0
1997 4 0 0 0 0
1999 1 1 0 0 0
2004 2 1 0 0 0
2203 4 0 0 0 0
2207 4 0 0 0 0
2213 2 0 0 0 0
2216 2 1 0 0 0
2224 3 0 0 0 0
2228 4 0 0 0 0
2231 3 0 0 0 0
2236 4 1 0 0 0
2240 7 0 0 0 0
2249 1 0 0 0 0
2250 122 40 5 0 0
2252 78 0 0 0 0
2257 78 0 0 0 0
2259 40 40 2 0 0
2261 40 0 0 0 0
2262 1 0 0 0 0
2265 117 0 0 0 0
2267 274 0 0 0 0
2271 90 45 8 0 0
2272 18 0 0 0 0
2279 2 0 0 0 0
2285 4 1 0 0 0
2289 5 2 1 0 0
2291 5 0 0 0 0
2298 4 0 0 0 0
2301 3 1 0 0 0
2305 7 1 0 0 0
2308 2 0 0 0 0
2313 2 1 0 0 0
2317 7 0 0 0 0
2320 1 0 0 0 0
2321 3 0 0 0 0
2325 3 0 0 0 0
2330 5 0 0 0 0
2337 1 0 0 0 0
2341 3 0 0 0 0
2342 1 0 0 0 0
2343 1 0 0 0 0
2344 1 0 0 0 0
2347 3 0 0 0 0
2351 1 0 0 0 0
2356 10 0 0 0 0
2488 2 0 0 0 0
2559 2 0 0 0 0
2561 1 0 0 0 0
2563 9 3 1 0 0
2565 2 0 0 0 0
2567 84 21 16 0 0
2568 19 0 0 0 0
2570 4 2 0 0 0
2576 15 9 2 0 0
2601 5 1 0 0 0
2611 11 3 1 0 0
2613 2 0 0 0 0
2614 1 0 0 0 0
2648 11 2 0 0 0
2650 2 0 0 0 0
2651 3 0 0 0 0
2652 1 0 0 0 0
2688 5 1 0 0 0
2711 4 1 0 0 0
fn=do_preload
787 8 0 0 0 0
789 1 0 0 0 0
793 1 0 0 0 0
795 2 0 0 0 0
797 3 0 0 0 0
799 7 0 0 0 0
800 2 1 0 0 0
808 3 0 0 0 0
814 5 0 0 0 0
fn=handle_preload_list
183 7 1 1 0 0
852 8 0 0 0 0
853 4 0 0 0 0
857 4 2 1 0 0
860 5 0 0 0 0
861 3 1 0 0 0
863 5 0 0 0 0
864 1 0 0 0 0
870 1 0 0 0 0
871 1 0 0 0 0
872 2 0 0 0 0
874 2 1 0 0 0
875 5 0 0 0 0
878 10 0 0 0 0
fn=init_tls
734 6 0 0 0 0
736 4 0 0 0 0
740 2 1 0 0 0
746 1 0 0 0 0
749 1 0 0 0 0
751 1 0 0 0 0
755 1 0 0 0 0
759 2 0 0 0 0
762 1 0 0 0 0
769 2 0 0 0 0
770 1 1 0 0 0
776 2 0 0 0 0
780 3 0 0 0 0
783 6 0 0 0 0
fn=map_doit
641 5 0 0 0 0
643 3 0 0 0 0
644 6 0 0 0 0
646 4 0 0 0 0
fn=version_check_doit
674 5 0 0 0 0
676 6 1 1 0 0
680 4 0 0 0 0
fl=./elf/./get-dynamic-info.h
fn=_dl_start
45 40 20 1 0 0
49 57 19 12 0 0
51 10 5 0 0 0
52 7 0 0 0 0
53 2 0 0 0 0
54 16 5 1 0 0
55 9 0 0 0 0
56 4 1 1 0 0
59 5 1 1 0 0
62 4 1 0 0 0
64 3 0 0 0 0
68 38 0 0 0 0
72 2 1 0 0 0
84 2 1 1 0 0
85 3 1 1 0 0
86 6 1 0 0 0
87 6 1 0 0 0
88 6 1 0 0 0
89 3 1 1 0 0
90 6 1 0 0 0
91 6 1 0 0 0
103 8 2 1 0 0
110 2 1 1 0 0
123 6 1 0 0 0
129 2 1 0 0 0
130 5 1 0 0 0
133 4 1 0 0 0
134 2 1 0 0 0
139 5 2 0 0 0
142 6 2 0 0 0
fn=dl_main
39 2 1 0 0 0
43 1 0 0 0 0
45 74 37 13 0 0
49 72 36 11 0 0
51 12 6 5 0 0
52 8 0 0 0 0
53 1 0 0 0 0
54 19 6 1 0 0
55 11 0 0 0 0
56 4 1 0 0 0
59 5 1 1 0 0
62 4 1 0 0 0
64 3 0 0 0 0
68 36 0 0 0 0
72 3 2 0 0 0
84 2 1 1 0 0
85 5 1 0 0 0
86 5 1 0 0 0
87 5 1 0 0 0
88 2 1 1 0 0
89 5 1 0 0 0
90 5 1 0 0 0
91 5 1 0 0 0
103 6 2 0 0 0
110 2 1 0 0 0
115 3 1 0 0 0
122 2 1 0 0 0
123 4 1 0 0 0
129 2 1 1 0 0
147 2 1 0 0 0
152 2 0 0 0 0
154 1 1 1 0 0
156 1 1 1 0 0
158 1 1 0 0 0
159 1 0 0 0 0
162 2 1 0 0 0
164 3 0 0 0 0
165 1 1 1 0 0
174 2 1 0 0 0
180 1 1 0 0 0
181 2 0 0 0 0
184 2 1 1 0 0
fl=./elf/./setup-vdso.h
fn=dl_main
24 3 1 1 0 0
fl=./intl/../include/../locale/localeinfo.h
fn=__dcigettext
222 48 0 0 0 0
fl=./intl/../string/bits/string_fortified.h
fn=__dcigettext
45 32 0 0 0 0
fn=set_binding_values.part.0
29 5 0 0 0 0
fl=./intl/./intl/bindtextdom.c
fn=bindtextdomain
82 4 2 1 0 0
319 4 0 0 0 0
321 1 0 0 0 0
322 7 0 0 0 0
fn=set_binding_values.part.0
75 10 0 0 0 0
91 3 0 0 0 0
95 5 1 0 0 0
189 4 2 1 0 0
201 3 0 0 0 0
203 3 0 0 0 0
205 1 1 0 0 0
216 1 0 0 0 0
219 6 1 0 0 0
238 2 0 0 0 0
239 2 0 0 0 0
245 1 1 0 0 0
267 1 0 0 0 0
273 2 1 1 0 0
276 1 0 0 0 0
277 2 0 0 0 0
310 5 0 0 0 0
312 2 0 0 0 0
313 6 0 0 0 0
fl=./intl/./intl/dcgettext.c
fn=dcgettext
46 24 0 0 0 0
47 40 0 0 0 0
48 16 0 0 0 0
fl=./intl/./intl/dcigettext.c
fn=__dcigettext
458 88 0 0 0 0
464 8 0 0 0 0
478 8 8 0 0 0
482 48 8 2 0 0
487 16 0 0 0 0
491 64 0 0 0 0
495 32 0 0 0 0
498 32 0 0 0 0
504 32 0 0 0 0
514 8 0 0 0 0
515 8 0 0 0 0
516 8 0 0 0 0
517 8 0 0 0 0
521 32 0 0 0 0
530 8 0 0 0 0
537 24 0 0 0 0
539 64 0 0 0 0
541 16 0 0 0 0
543 8 8 2 0 0
571 56 16 2 0 0
573 24 0 0 0 0
574 16 8 1 0 0
577 8 8 1 0 0
586 32 0 0 0 0
620 40 0 0 0 0
621 40 0 0 0 0
622 8 0 0 0 0
623 8 8 0 0 0
626 56 0 0 0 0
631 40 0 0 0 0
632 8 8 0 0 0
640 24 8 2 0 0
642 8 8 4 0 0
653 8 0 0 0 0
654 32 8 0 0 0
655 8 0 0 0 0
656 8 0 0 0 0
660 72 8 8 0 0
667 24 8 3 0 0
668 32 8 2 0 0
669 24 0 0 0 0
681 16 0 0 0 0
700 24 0 0 0 0
804 8 0 0 0 0
806 16 0 0 0 0
807 16 0 0 0 0
808 16 0 0 0 0
809 32 0 0 0 0
811 24 0 0 0 0
826 24 0 0 0 0
830 64 8 2 0 0
831 96 8 0 0 0
1509 24 0 0 0 0
1542 56 16 2 0 0
fl=./io/../sysdeps/posix/isatty.c
fn=isatty
24 108 0 0 0 0
27 48 0 0 0 0
28 132 12 5 0 0
fl=./io/../sysdeps/unix/sysv/linux/access.c
fn=access
25 36 0 0 0 0
29 105 9 9 0 0
31 28 0 0 0 0
fl=./io/../sysdeps/unix/sysv/linux/close.c
fn=close
26 6 0 0 0 0
27 16 0 0 0 0
28 6 0 0 0 0
fl=./io/../sysdeps/unix/sysv/linux/close_nocancel.c
fn=__GI___close_nocancel
25 114 0 0 0 0
26 190 38 0 0 0
27 114 0 0 0 0
fn=__close_nocancel
25 12 0 0 0 0
26 20 4 1 0 0
27 12 0 0 0 0
fl=./io/../sysdeps/unix/sysv/linux/fcntl64.c
fn=fcntl
38 10 0 0 0 0
42 6 0 0 0 0
48 3 1 0 0 0
51 1 0 0 0 0
52 11 1 0 0 0
fl=./io/../sysdeps/unix/sysv/linux/fcntl_nocancel.c
fn=__fcntl64_nocancel_adjusted
51 9 0 0 0 0
52 2 1 0 0 0
55 1 0 0 0 0
63 5 1 0 0 0
64 11 1 1 0 0
fl=./io/../sysdeps/unix/sysv/linux/fstat64.c
fn=fstat
30 126 0 0 0 0
39 210 42 0 0 0
72 126 0 0 0 0
fl=./io/../sysdeps/unix/sysv/linux/fstatat64.c
fn=fstatat
91 40 0 0 0 0
146 30 0 0 0 0
160 48 0 0 0 0
161 30 10 6 0 0
162 30 0 0 0 0
fl=./io/../sysdeps/unix/sysv/linux/getcwd.c
fn=getcwd
49 26 0 0 0 0
55 2 2 2 0 0
66 4 2 2 0 0
76 2 0 0 0 0
80 10 2 0 0 0
81 10 4 2 0 0
84 6 2 0 0 0
88 8 0 0 0 0
131 26 2 0 0 0
fl=./io/../sysdeps/unix/sysv/linux/lseek64.c
fn=lseek
28 3 0 0 0 0
40 6 1 0 0 0
42 3 0 0 0 0
fl=./io/../sysdeps/unix/sysv/linux/open64.c
fn=open
30 168 0 0 0 0
33 98 28 3 0 0
41 70 0 0 0 0
43 154 14 3 0 0
fl=./io/../sysdeps/unix/sysv/linux/open64_nocancel.c
fn=__open_nocancel
28 504 0 0 0 0
31 553 81 1 0 0
39 567 79 19 0 0
41 277 5 1 0 0
fl=./io/../sysdeps/unix/sysv/linux/poll.c
fn=poll
27 11 0 0 0 0
34 1 1 0 0 0
36 9 0 0 0 0
37 5 0 0 0 0
41 6 0 0 0 0
43 11 1 0 0 0
fl=./io/../sysdeps/unix/sysv/linux/read.c
fn=read
25 213 0 0 0 0
26 426 0 0 0 0
27 142 0 0 0 0
fl=./io/../sysdeps/unix/sysv/linux/read_nocancel.c
fn=__read_nocancel
25 171 0 0 0 0
26 285 57 0 0 0
27 171 0 0 0 0
fl=./io/../sysdeps/unix/sysv/linux/stat64.c
fn=stat
28 30 0 0 0 0
29 50 0 0 0 0
30 20 0 0 0 0
fl=./io/../sysdeps/unix/sysv/linux/statx.c
fn=statx
27 1152 0 0 0 0
28 814 128 13 0 0
32 186 128 5 0 0
38 384 0 0 0 0
fl=./io/../sysdeps/unix/sysv/linux/write.c
fn=write
25 15 0 0 0 0
26 30 0 0 0 0
27 10 0 0 0 0
fl=./libio/../include/printf_buffer.h
fn=__vsnprintf_internal
124 12 0 0 0 0
126 12 0 0 0 0
128 24 0 0 0 0
137 12 0 0 0 0
fl=./libio/../libio/libioP.h
fn=_IO_seekoff_unlocked
1036 3 0 0 0 0
1037 2 1 0 0 0
fl=./libio/../string/bits/string_fortified.h
fn=_IO_getline_info
29 29594 0 0 0 0
fn=getdelim
29 812 0 0 0 0
fl=./libio/./libio/filedoalloc.c
fn=_IO_file_doallocate
78 44 0 0 0 0
84 32 8 1 4 1
86 16 4 0 0 0
97 20 4 2 0 0
98 4 0 0 0 0
101 12 0 0 0 0
102 4 4 4 0 0
104 16 0 0 0 0
105 4 0 0 0 0
106 48 4 0 0 0
fl=./libio/./libio/fileops.c
fn=_IO_file_close
1166 12 0 0 0 0
1169 8 0 0 0 0
1170 8 0 0 0 0
fn=_IO_file_close_it@@GLIBC_2.17
129 16 0 0 0 0
131 16 4 0 0 0
134 8 4 0 0 0
135 16 0 0 0 0
138 4 0 0 0 0
140 8 0 0 0 0
142 4 0 0 0 0
143 28 4 0 4 2
146 12 4 3 0 0
154 20 0 0 0 0
155 16 0 0 0 0
158 8 0 0 0 0
159 12 0 0 0 0
160 8 0 0 0 0
161 12 0 0 0 0
163 8 0 0 0 0
164 20 0 0 0 0
fn=_IO_file_finish@@GLIBC_2.17
169 20 0 0 0 0
170 12 4 3 0 0
176 12 0 0 0 0
177 12 0 0 0 0
fn=_IO_file_fopen@@GLIBC_2.17
214 33 0 0 0 0
215 15 0 0 0 0
223 9 3 1 0 0
225 12 3 1 0 0
228 3 0 0 0 0
229 3 0 0 0 0
238 3 0 0 0 0
246 9 3 2 0 0
248 47 25 11 0 0
269 6 0 0 0 0
270 1 0 0 0 0
272 1 0 0 0 0
273 6 0 0 0 0
274 1 0 0 0 0
282 15 0 0 0 0
285 3 3 1 0 0
288 12 0 0 0 0
289 3 3 3 0 0
358 39 3 0 0 0
fn=_IO_file_open
183 30 0 0 0 0
185 6 3 1 0 0
186 3 0 0 0 0
189 4 0 0 0 0
190 3 3 0 0 0
192 3 0 0 0 0
193 21 0 0 0 0
196 9 3 3 0 0
206 6 0 0 0 0
207 3 0 0 0 0
208 15 0 0 0 0
fn=_IO_file_read
1132 261 0 0 0 0
1133 87 0 0 0 0
1134 107 0 0 0 0
1135 154 87 5 0 0
1136 174 0 0 0 0
fn=_IO_file_seek
1141 3 0 0 0 0
1142 2 0 0 0 0
1143 2 0 0 0 0
fn=_IO_file_seekoff@@GLIBC_2.17
850 1 0 0 0 0
861 2 0 0 0 0
902 11 0 0 0 0
910 3 1 0 0 0
915 2 0 0 0 0
916 7 1 1 0 0
919 4 2 0 0 0
931 2 1 0 0 0
944 4 2 1 0 0
977 2 0 0 0 0
982 3 1 1 0 0
983 1 0 0 0 0
999 1 1 1 0 0
1003 3 0 0 0 0
1004 1 0 0 0 0
1005 1 0 0 0 0
1008 3 0 0 0 0
1010 6 0 0 1 1
1011 1 1 0 0 0
1013 1 1 1 0 0
1028 5 0 0 0 0
1030 1 0 0 0 0
1031 1 0 0 0 0
1032 3 0 0 0 0
1033 4 0 0 0 0
1056 12 1 1 0 0
fn=_IO_file_stat
1148 12 0 0 0 0
1149 8 0 0 0 0
1150 8 0 0 0 0
fn=_IO_file_underflow@@GLIBC_2.17
463 522 0 0 0 0
467 174 87 3 0 0
468 4 0 0 0 0
470 87 87 3 0 0
476 261 87 0 0 0
479 261 87 60 0 0
482 8 4 4 0 0
487 8 0 0 0 0
491 356 87 36 0 0
507 174 0 0 0 0
513 261 0 0 0 0
515 87 0 0 0 0
518 522 0 0 87 2
520 174 87 4 0 0
523 20 0 0 0 0
527 253 0 0 0 0
533 8 0 0 0 0
534 8 0 0 0 0
536 249 83 5 0 0
537 2 0 0 0 0
538 249 0 0 0 0
539 348 0 0 0 0
fn=_IO_new_file_init_internal
107 20 0 0 0 0
111 8 0 0 0 0
112 16 0 0 0 0
114 4 0 0 0 0
115 4 0 0 0 0
116 16 0 0 0 0
fl=./libio/./libio/fseek.c
fn=fseek
32 9 0 0 0 0
35 14 2 1 0 0
36 7 0 0 0 0
39 7 0 0 0 0
fl=./libio/./libio/genops.c
fn=_IO_cleanup
802 6 0 0 0 0
803 12 1 1 0 0
806 10 4 2 0 0
810 3 0 0 0 0
811 34 6 5 0 0
819 6 3 3 0 0
821 9 3 0 0 0
824 6 3 1 0 0
826 4 2 0 0 0
846 6 0 0 0 0
848 36 9 2 0 0
849 3 0 0 0 0
853 8 2 1 0 0
854 2 0 0 0 0
874 13 0 0 0 0
875 2 0 0 0 0
887 16 1 0 0 0
fn=_IO_default_finish
68 8 4 0 0 0
627 20 0 0 0 0
629 8 4 4 0 0
635 8 4 1 0 0
638 8 4 3 0 0
650 16 0 0 0 0
fn=_IO_default_uflow
387 335 0 0 0 0
388 268 0 0 67 35
389 134 67 59 0 0
391 252 0 0 0 0
392 268 0 0 0 0
fn=_IO_doallocbuf
369 20 0 0 0 0
370 8 4 3 0 0
372 12 4 3 0 0
373 24 4 3 4 2
376 20 0 0 0 0
fn=_IO_flush_all
712 12 0 0 0 0
713 3 0 0 0 0
717 6 0 0 0 0
718 12 1 1 0 0
721 11 4 1 0 0
723 3 0 0 0 0
724 34 6 4 0 0
726 18 6 4 0 0
734 30 9 1 0 0
735 3 0 0 0 0
739 8 2 1 0 0
740 2 0 0 0 0
744 15 1 0 0 0
fn=_IO_free_backup_area
213 5 0 0 0 0
214 2 1 0 0 0
216 1 0 0 0 0
217 1 0 0 0 0
218 1 0 0 0 0
220 4 0 0 0 0
fn=_IO_link_in
109 77 0 0 0 0
110 14 7 4 0 0
112 12 0 0 0 0
114 24 0 0 0 0
115 52 4 4 0 0
116 4 0 0 0 0
117 36 8 0 0 0
119 16 0 0 0 0
122 4 0 0 0 0
123 4 4 0 0 0
124 8 0 0 0 0
126 4 0 0 0 0
128 40 12 3 0 0
129 8 0 0 0 0
130 24 4 0 0 0
131 8 0 0 0 0
134 96 7 4 0 0
fn=_IO_no_init
589 1692 0 0 0 0
590 188 0 0 0 0
591 188 0 0 0 0
592 188 188 8 0 0
594 4 0 0 0 0
598 16 0 0 0 0
605 4 0 0 0 0
607 4 0 0 0 0
612 368 0 0 0 0
613 188 0 0 0 0
614 940 0 0 0 0
fn=_IO_old_init
557 752 0 0 0 0
558 752 0 0 0 0
560 1316 0 0 0 0
565 1128 0 0 0 0
570 188 0 0 0 0
576 188 0 0 0 0
581 376 188 6 0 0
582 4 0 0 0 0
584 564 0 0 0 0
fn=_IO_setb
355 1728 0 0 0 0
356 580 196 12 0 0
357 4 0 0 0 0
358 192 0 0 0 0
361 968 0 0 0 0
364 960 0 0 0 0
fn=_IO_sputbackc
661 3680 0 0 0 0
664 4416 1472 3 0 0
665 2208 736 0 0 0
667 2208 0 0 0 0
673 736 0 0 0 0
674 1472 0 0 0 0
677 2944 0 0 0 0
fn=_IO_switch_to_get_mode
190 435 0 0 0 0
191 261 87 8 0 0
194 174 87 24 0 0
198 174 0 0 0 0
199 261 87 55 0 0
202 87 0 0 0 0
204 174 0 0 0 0
206 174 0 0 0 0
207 87 0 0 0 0
208 348 0 0 0 0
fn=_IO_un_link
67 24 0 0 0 0
68 16 8 4 0 0
104 24 0 0 0 0
fn=_IO_unsave_markers
969 20 0 0 0 0
971 8 4 4 0 0
976 8 4 4 0 0
978 16 0 0 0 0
fn=__GI__IO_un_link.part.0
66 52 0 0 0 0
72 24 0 0 0 0
73 52 4 2 0 0
74 4 0 0 0 0
75 35 7 2 0 0
77 12 4 2 0 0
81 4 0 0 0 0
82 4 0 0 0 0
83 4 0 0 0 0
84 4 4 1 0 0
85 4 0 0 0 0
96 12 0 0 0 0
98 29 10 4 0 0
99 8 0 0 0 0
100 25 5 5 0 0
101 8 0 0 0 0
104 56 4 0 0 0
fn=__uflow
325 335 0 0 0 0
326 268 134 21 0 0
331 134 67 0 0 0
334 201 67 1 0 0
336 134 67 0 0 0
342 134 67 5 0 0
347 134 67 2 0 0
349 335 0 0 67 2
350 201 0 0 0 0
fn=__underflow
295 100 0 0 0 0
296 80 39 17 0 0
301 40 20 0 0 0
304 60 20 0 0 0
306 40 20 1 0 0
312 40 20 5 0 0
317 40 20 3 0 0
319 100 0 0 20 1
320 60 0 0 0 0
fl=./libio/./libio/iofclose.c
fn=fclose@@GLIBC_2.17
34 28 0 0 0 0
48 8 4 2 0 0
49 4 0 0 0 0
51 41 7 3 0 0
52 11 4 2 0 0
53 12 0 0 0 0
57 20 0 0 4 1
58 12 4 4 0 0
71 8 4 2 0 0
76 28 0 0 0 0
fl=./libio/./libio/iofdopen.c
fn=fdopen@@GLIBC_2.17
35 6 0 0 0 0
46 1 0 0 0 0
51 1 0 0 0 0
53 3 1 1 0 0
56 3 0 0 0 0
68 3 1 0 0 0
70 6 2 0 0 0
88 3 0 0 0 0
89 2 1 0 0 0
92 3 2 0 0 0
115 2 1 0 0 0
122 3 0 0 0 0
123 1 1 0 0 0
126 2 0 0 0 0
128 8 0 0 0 0
130 1 1 0 0 0
134 1 0 0 0 0
136 2 0 0 0 0
139 2 0 0 0 0
145 1 0 0 0 0
148 5 0 0 0 0
154 4 1 0 0 0
166 7 0 0 0 0
fl=./libio/./libio/iofgets.c
fn=fgets
32 20995 0 0 0 0
37 16796 4199 1 0 0
39 12597 4199 51 0 0
47 62985 8398 2 0 0
51 8398 0 0 0 0
52 8398 0 0 0 0
53 29393 0 0 0 0
56 12593 8394 637 0 0
57 4199 0 0 0 0
60 4195 0 0 0 0
61 4195 0 0 0 0
63 12593 0 0 0 0
66 25194 0 0 0 0
fl=./libio/./libio/iofopen.c
fn=__fopen_internal
37 6 3 2 0 0
57 27 0 0 0 0
65 6 0 0 0 0
67 3 3 2 0 0
70 6 0 0 0 0
72 24 0 0 0 0
73 9 0 0 0 0
74 6 0 0 0 0
75 18 3 0 0 0
81 21 0 0 0 0
fn=fopen@@GLIBC_2.17
85 9 0 0 0 0
86 6 0 0 0 0
87 6 0 0 0 0
fl=./libio/./libio/iogetdelim.c
fn=getdelim
41 2392 0 0 0 0
47 368 184 3 0 0
48 184 184 3 0 0
54 552 184 0 0 0
62 734 367 1 0 0
64 2 0 0 0 0
65 2 0 0 0 0
66 1 1 1 0 0
74 368 0 0 0 0
75 368 184 1 0 0
77 4 1 0 0 0
82 3 0 0 0 0
89 1015 0 0 0 0
91 609 0 0 0 0
92 977 203 23 0 0
100 406 0 0 0 0
101 609 203 24 0 0
105 3 0 0 0 0
107 205 0 0 0 0
108 1 1 0 0 0
114 1 0 0 0 0
115 1 0 0 0 0
117 1 0 0 0 0
118 609 0 0 0 0
119 19 0 0 0 0
120 279 222 20 0 0
122 38 0 0 0 0
124 368 0 0 0 0
130 1656 0 0 0 0
fl=./libio/./libio/iogetline.c
fn=_IO_getline
33 12597 0 0 0 0
34 8398 0 0 0 0
35 8398 0 0 0 0
fn=_IO_getline_info
49 54587 0 0 0 0
51 4199 0 0 0 0
53 8398 4199 223 0 0
54 9 0 0 0 0
55 12723 4320 46 0 0
57 8640 0 0 0 0
58 8640 4320 13 0 0
60 134 0 0 0 0
61 134 67 2 0 0
63 4 4 2 0 0
67 126 63 2 0 0
69 2 1 0 0 0
70 2 0 0 0 0
77 191 0 0 0 0
78 67 0 0 0 0
83 8506 0 0 0 0
85 21399 0 0 0 0
86 4253 4253 311 0 0
88 4194 0 0 0 0
89 4194 0 0 0 0
90 8388 4194 150 0 0
92 4194 0 0 0 0
94 4194 0 0 0 0
97 4194 0 0 0 0
98 8388 0 0 0 0
101 177 0 0 0 0
102 59 0 0 0 0
103 59 0 0 0 0
106 5 0 0 0 0
107 29393 0 0 0 0
fl=./libio/./libio/ioseekoff.c
fn=_IO_seekoff_unlocked
33 5 0 0 0 0
34 2 1 0 0 0
43 6 3 2 0 0
59 4 0 0 1 1
60 3 0 0 0 0
fl=./libio/./libio/libioP.h
fn=_IO_cleanup
1036 4 0 0 0 0
fn=_IO_default_uflow
1036 201 0 0 0 0
1037 134 67 0 0 0
fn=_IO_doallocbuf
1036 12 0 0 0 0
1037 8 4 0 0 0
fn=_IO_file_close_it@@GLIBC_2.17
1036 12 0 0 0 0
1037 8 4 3 0 0
fn=_IO_file_doallocate
1036 12 0 0 0 0
1037 8 4 0 0 0
fn=_IO_file_seekoff@@GLIBC_2.17
1036 3 0 0 0 0
1037 2 1 0 0 0
fn=_IO_file_underflow@@GLIBC_2.17
1036 174 0 0 0 0
1037 174 87 0 0 0
fn=_IO_flush_all
1036 4 0 0 0 0
fn=_IO_free_backup_area
1049 3 1 0 0 0
1050 1 0 0 0 0
fn=__uflow
1036 201 0 0 0 0
1037 134 67 2 0 0
fn=__underflow
1036 60 0 0 0 0
1037 40 20 0 0 0
fn=fclose@@GLIBC_2.17
963 40 4 0 0 0
969 8 0 0 0 0
990 16 4 0 0 0
991 36 8 1 0 0
1036 12 0 0 0 0
1037 8 4 4 0 0
fn=fgets
990 8394 4199 8 0 0
991 46189 8398 138 0 0
fn=fseek
990 2 1 0 0 0
991 9 2 0 0 0
fn=getdelim
990 552 184 9 0 0
fl=./libio/./libio/stdfiles.c
fn=_IO_stdfiles_init
64 4 0 0 0 0
67 10 4 2 0 0
68 3 0 0 0 0
69 3 0 0 0 0
70 3 0 0 0 0
fl=./libio/./libio/strops.c
fn=_IO_str_init_static_internal
36 1472 0 0 0 0
40 184 0 0 0 0
41 552 0 0 0 0
46 920 0 0 0 0
49 184 0 0 0 0
50 184 0 0 0 0
51 736 0 0 0 0
53 184 0 0 0 0
64 184 0 0 0 0
65 920 0 0 0 0
fl=./libio/./libio/vsnprintf.c
fn=__vsnprintf_internal
63 12 12 2 0 0
66 12 0 0 0 0
75 36 12 0 0 0
76 12 0 0 0 0
87 24 0 0 0 0
93 168 0 0 0 0
96 84 0 0 0 0
98 144 12 0 0 0
fl=./libio/./libio/vtables.c
fn=check_stdfiles_vtables
545 4 0 0 0 0
546 8 1 1 0 0
547 5 1 0 0 0
548 6 1 0 0 0
550 3 0 0 0 0
fl=./locale/./locale/findlocale.c
fn=_nl_find_locale
103 216 0 0 0 0
106 24 0 0 0 0
114 24 12 0 0 0
131 48 12 0 0 0
132 60 12 2 0 0
136 24 0 0 0 0
137 48 0 0 0 0
337 180 12 0 0 0
fl=./locale/./locale/freelocale.c
fn=freelocale
32 7 0 0 0 0
36 4 1 1 0 0
40 4 0 0 0 0
42 61 12 2 0 0
43 60 12 4 0 0
45 12 0 0 0 0
48 2 0 0 0 0
51 2 0 0 0 0
52 4 0 0 0 0
fl=./locale/./locale/localename.c
fn=__current_locale_name
24 64 0 0 0 0
25 80 0 0 0 0
26 64 0 0 0 0
fl=./locale/./locale/newlocale.c
fn=newlocale
43 17 0 0 0 0
55 2 1 0 0 0
59 3 0 0 0 0
63 1 1 0 0 0
66 4 1 0 0 0
72 4 1 1 0 0
73 5 2 1 0 0
75 1 0 0 0 0
78 1 1 1 0 0
82 23 0 0 0 0
101 2 0 0 0 0
102 1 0 0 0 0
104 3 0 0 0 0
105 1 1 1 0 0
118 42 12 2 0 0
119 24 12 11 0 0
120 12 0 0 0 0
121 4 1 1 0 0
161 4 0 0 0 0
164 1 0 0 0 0
165 118 12 1 0 0
167 27 13 1 0 0
169 96 0 0 0 0
172 12 12 0 0 0
186 72 12 0 0 0
189 4 1 1 0 0
199 3 0 0 0 0
200 1 1 0 0 0
206 2 1 0 0 0
210 2 0 0 0 0
214 39 13 7 0 0
215 125 25 7 0 0
221 18 0 0 0 0
250 3 0 0 0 0
262 3 0 0 0 0
267 1 0 0 0 0
268 1 0 0 0 0
269 1 0 0 0 0
271 2 0 0 0 0
272 1 0 0 0 0
273 2 0 0 0 0
277 17 1 0 0 0
fl=./locale/./locale/uselocale.c
fn=uselocale
30 80 0 0 0 0
31 64 0 0 0 0
33 16 16 0 0 0
36 48 0 0 0 0
37 16 0 0 0 0
65 48 0 0 0 0
66 64 0 0 0 0
68 64 0 0 0 0
72 32 0 0 0 0
73 64 0 0 0 0
fl=./malloc/../string/bits/string_fortified.h
fn=_int_realloc
29 1971 0 0 0 0
fn=calloc
59 3694 0 0 0 0
fn=tcache_init.part.0
59 4 0 0 0 0
fl=./malloc/../sysdeps/generic/calloc-clear-memory.h
fn=calloc
27 1268 634 6 0 0
35 36 0 0 0 0
37 18 0 0 0 0
38 53 0 0 0 0
40 36 18 3 0 0
fl=./malloc/../sysdeps/unix/sysv/linux/not-cancel.h
fn=ptmalloc_init.part.0
100 6 0 0 0 0
fl=./malloc/./malloc/arena.c
fn=_mid_memalign.isra.0
153 2 1 1 0 0
fn=calloc
153 1264 632 0 0 0
fn=free
153 142260 35565 13 0 0
fn=malloc
153 50034 25017 1447 0 0
264 1 0 0 0 0
fn=ptmalloc_init.part.0
262 11 0 0 0 0
267 4 0 0 0 0
274 6 1 1 0 0
292 3 1 1 0 0
296 9 0 0 0 0
300 5 0 0 0 0
301 5 0 0 0 0
302 5 0 0 0 0
303 5 0 0 0 0
304 5 0 0 0 0
305 5 0 0 0 0
306 5 0 0 0 0
308 5 0 0 0 0
309 5 0 0 0 0
310 5 0 0 0 0
313 5 0 0 0 0
314 5 0 0 0 0
316 4 1 0 0 0
326 13 1 0 0 0
fn=realloc
153 7008 1752 70 0 0
fl=./malloc/./malloc/malloc.c
fn=_int_free_chunk
1794 13928 0 0 0 0
1796 13928 0 0 0 0
1994 39297 13099 0 0 0
4574 139280 0 0 0 0
4582 27856 13928 297 0 0
4593 52396 13099 0 0 0
4595 52396 13099 281 0 0
4614 13099 0 0 0 0
4616 39297 0 0 0 0
4617 13099 0 0 0 0
4621 26198 0 0 0 0
4623 52396 13099 2 0 0
4627 26198 13099 12 0 0
4629 26198 0 0 0 0
4630 13099 0 0 0 0
4649 52396 13099 714 0 0
4650 156 52 34 0 0
4658 1658 829 0 0 0
4661 2487 0 0 0 0
4664 829 829 111 0 0
4667 3316 0 0 0 0
4679 82739 0 0 0 0
fn=_int_free_create_chunk
4755 7470 0 0 0 0
4756 2490 830 128 0 0
4759 1438 0 0 0 0
4762 719 719 109 0 0
4763 214 0 0 0 0
4764 107 0 0 0 0
4766 2448 0 0 0 0
4770 1438 719 95 0 0
4778 478 0 0 0 0
4779 478 0 0 0 0
4780 1434 478 11 0 0
4782 478 0 0 0 0
4789 241 0 0 0 0
4790 723 0 0 0 0
4791 241 0 0 0 0
4793 723 241 2 0 0
4796 1928 0 0 0 0
4800 719 0 0 0 0
4801 719 0 0 0 0
4802 719 0 0 0 0
4804 1438 0 0 0 0
4805 719 0 0 0 0
4813 111 0 0 0 0
4814 222 0 0 0 0
4815 111 0 0 0 0
4820 4150 0 0 0 0
fn=_int_free_maybe_consolidate.part.0
4826 880 0 0 0 0
4835 240 80 20 0 0
4836 58 0 0 0 0
4838 320 80 21 0 0
4841 640 80 45 0 0
4842 144 16 0 0 0
4855 832 64 0 0 0
fn=_int_free_merge_chunk
1994 2487 829 0 0 0
4707 5803 0 0 0 0
4708 829 0 0 0 0
4712 2487 829 0 0 0
4715 4974 1658 8 0 0
4717 2487 0 0 0 0
4720 1658 829 0 0 0
4723 829 0 0 0 0
4724 1658 829 2 0 0
4725 2487 829 0 0 0
4731 1658 829 196 0 0
4733 188 0 0 0 0
4734 188 0 0 0 0
4735 188 0 0 0 0
4736 752 188 64 0 0
4738 376 0 0 0 0
4742 4974 0 0 0 0
4744 5054 0 0 0 0
4833 2487 829 71 0 0
fn=_int_malloc
1328 26313 26312 1 0 0
1338 263130 26313 34 0 0
1347 105252 26313 1668 0 0
1796 24766 0 0 0 0
1987 16470 3877 223 0 0
3161 1059 0 0 0 0
3165 31239 0 0 0 0
3167 33356 0 0 0 0
3168 7483 0 0 0 0
3169 28285 0 0 0 0
3170 1059 0 0 0 0
3180 586 0 0 0 0
3184 586 293 1 0 0
3188 1172 0 0 0 0
3192 879 0 0 0 0
3193 293 0 0 0 0
3201 293 0 0 0 0
3904 105252 0 0 0 0
3945 26313 26313 33 0 0
3972 61908 26313 3429 0 0
3974 42234 0 0 0 0
3975 1516 0 0 0 0
3977 43781 0 0 0 0
3979 22664 22664 1623 0 0
3981 3032 1516 0 0 0
3982 3088 0 0 0 0
3984 4548 1516 18 0 0
3985 6064 0 0 0 0
3988 105740 0 0 0 0
3990 1516 0 0 0 0
3991 3032 1516 107 0 0
3997 3032 0 0 0 0
3998 15160 3032 2690 0 0
4003 13776 0 0 0 0
4004 42876 14550 1836 0 0
4006 12260 6130 34 0 0
4008 22638 6130 190 0 0
4009 30650 0 0 0 0
4035 7298 3649 539 0 0
4037 54586 0 0 0 0
4038 48472 0 0 0 0
4040 72708 24236 449 0 0
4042 481 0 0 0 0
4043 1443 481 34 0 0
4045 1924 0 0 0 0
4046 481 0 0 0 0
4047 481 0 0 0 0
4049 1924 481 237 0 0
4055 962 0 0 0 0
4056 5772 962 272 0 0
4061 4523 0 0 0 0
4062 7268 2936 666 0 0
4064 1059 1059 148 0 0
4066 1059 0 0 0 0
4067 4236 0 0 0 0
4068 3177 1059 4 0 0
4070 2118 0 0 0 0
4071 1059 0 0 0 0
4078 481 0 0 0 0
4097 3256 674 95 0 0
4098 1683 561 152 0 0
4099 441 0 0 0 0
4116 72946 0 0 0 0
4117 48632 0 0 0 0
4118 170210 24316 222 0 0
4127 26362 0 0 0 0
4128 133413 28259 2047 0 0
4130 15606 0 0 0 0
4131 31212 0 0 0 0
4132 15606 0 0 0 0
4134 31212 15606 10 0 0
4135 46818 15606 11 0 0
4137 15606 0 0 0 0
4138 46818 15606 151 0 0
4139 47510 0 0 0 0
4140 62424 15606 7 0 0
4142 46818 15606 10 0 0
4143 46818 15606 2 0 0
4145 15606 15606 2156 0 0
4146 33324 0 0 0 0
4156 46818 15606 683 0 0
4157 38115 12705 432 0 0
4158 24836 12418 578 0 0
4159 12418 0 0 0 0
4162 11663 0 0 0 0
4163 11663 0 0 0 0
4164 11663 0 0 0 0
4165 11663 0 0 0 0
4166 11663 0 0 0 0
4167 23326 11663 379 0 0
4169 8866 0 0 0 0
4173 81641 0 0 0 0
4175 23326 0 0 0 0
4176 11663 0 0 0 0
4179 11959 0 0 0 0
4180 23326 0 0 0 0
4185 3943 0 0 0 0
4186 3943 0 0 0 0
4190 7886 3943 389 0 0
4192 592 0 0 0 0
4193 1184 296 6 0 0
4198 296 296 4 0 0
4199 2065 295 5 0 0
4202 294 0 0 0 0
4203 294 0 0 0 0
4219 8226 3647 600 0 0
4221 2995 0 0 0 0
4222 8985 0 0 0 0
4223 5990 0 0 0 0
4227 6142 1093 381 0 0
4228 1262 0 0 0 0
4229 652 0 0 0 0
4232 1304 652 84 0 0
4235 42 0 0 0 0
4237 126 42 7 0 0
4238 84 42 15 0 0
4244 13 0 0 0 0
4245 13 0 0 0 0
4246 26 0 0 0 0
4250 58 29 7 0 0
4251 64 32 2 0 0
4253 3 0 0 0 0
4254 6 3 0 0 0
4257 29 29 11 0 0
4260 30 0 0 0 0
4263 14 0 0 0 0
4264 14 0 0 0 0
4265 42 14 0 0 0
4267 14 0 0 0 0
4268 42 0 0 0 0
4270 29 0 0 0 0
4271 87 29 9 0 0
4276 1220 0 0 0 0
4279 21882 0 0 0 0
4281 3647 0 0 0 0
4282 3647 0 0 0 0
4283 3647 0 0 0 0
4288 7294 0 0 0 0
4289 3647 3647 453 0 0
4290 502 0 0 0 0
4291 753 251 3 0 0
4298 14588 3647 7 0 0
4304 1516 1516 80 0 0
4306 1465 0 0 0 0
4315 37077 12359 399 0 0
4317 1120 0 0 0 0
4320 2240 560 47 0 0
4321 126 42 24 0 0
4324 27 0 0 0 0
4325 163 34 17 0 0
4327 7 0 0 0 0
4331 81 27 15 0 0
4332 13 0 0 0 0
4333 13 0 0 0 0
4334 26 0 0 0 0
4336 27 0 0 0 0
4337 54 0 0 0 0
4340 54 27 10 0 0
4342 88 0 0 0 0
4343 88 22 7 0 0
4349 5 0 0 0 0
4353 5 0 0 0 0
4354 15 5 5 0 0
4357 5 0 0 0 0
4358 5 0 0 0 0
4359 5 0 0 0 0
4360 10 5 4 0 0
4362 1 0 0 0 0
4365 35 0 0 0 0
4367 10 0 0 0 0
4368 5 0 0 0 0
4371 27 0 0 0 0
4372 81 0 0 0 0
4388 12333 0 0 0 0
4389 49331 0 0 0 0
4390 12333 0 0 0 0
4391 36999 0 0 0 0
4392 24665 0 0 0 0
4397 53271 13624 1362 0 0
4401 125139 41713 1034 0 0
4404 124379 31258 541 0 0
4406 3265 0 0 0 0
4407 1306 0 0 0 0
4411 30928 15464 2693 0 0
4413 12295 0 0 0 0
4414 12295 0 0 0 0
4415 12295 12295 115 0 0
4419 3169 0 0 0 0
4422 6338 3169 1318 0 0
4424 5164 0 0 0 0
4425 1291 0 0 0 0
4426 1291 0 0 0 0
4431 3756 0 0 0 0
4434 3756 1878 5 0 0
4436 1878 0 0 0 0
4439 3756 0 0 0 0
4442 3756 1878 812 0 0
4444 2592 0 0 0 0
4445 2592 648 3 0 0
4452 1230 0 0 0 0
4457 1230 0 0 0 0
4458 3690 1230 194 0 0
4461 1230 0 0 0 0
4462 1230 0 0 0 0
4463 1230 0 0 0 0
4466 2460 1230 244 0 0
4467 1002 0 0 0 0
4468 2460 1230 123 0 0
4470 397 0 0 0 0
4473 8610 0 0 0 0
4475 2460 0 0 0 0
4476 1230 0 0 0 0
4479 1878 0 0 0 0
4501 10455 0 0 0 0
4502 20910 0 0 0 0
4504 31365 10455 27 0 0
4507 31365 10455 31 0 0
4509 10436 0 0 0 0
4510 10436 0 0 0 0
4511 10436 0 0 0 0
4512 73052 0 0 0 0
4514 20872 0 0 0 0
4517 10436 0 0 0 0
4518 31308 0 0 0 0
4524 76 19 8 0 0
4526 4 0 0 0 0
4528 6 2 0 0 0
4529 2 0 0 0 0
4539 68 0 0 0 0
4540 17 17 1 0 0
4541 132892 0 0 0 0
4545 141753 0 0 0 0
fn=_int_memalign
461 3 1 0 0 0
1328 1 1 0 0 0
1338 8 1 0 0 0
1347 5 0 0 0 0
4833 3 1 1 0 0
5096 4 0 0 0 0
5126 5 0 0 0 0
5128 1 1 0 0 0
5131 1 0 0 0 0
5133 3 1 0 0 0
5170 4 0 0 0 0
5172 1 0 0 0 0
5173 1 0 0 0 0
5174 2 0 0 0 0
5175 2 1 0 0 0
5177 1 0 0 0 0
5178 2 1 1 0 0
5187 3 0 0 0 0
5188 3 0 0 0 0
5198 5 0 0 0 0
fn=_int_realloc
441 276 92 6 0 0
461 3310 662 56 0 0
1463 657 219 21 0 0
3165 2140 0 0 0 0
3167 1070 0 0 0 0
3168 1028 0 0 0 0
3169 1070 0 0 0 0
3252 1498 0 0 0 0
3253 7490 1498 61 0 0
3256 54 0 0 0 0
3262 3175 635 67 0 0
3265 3810 635 263 0 0
3271 535 0 0 0 0
4558 2247 0 0 0 0
4559 1498 749 54 0 0
4563 2247 749 9 0 0
4690 1498 0 0 0 0
4699 1234 0 0 0 0
4971 5256 0 0 0 0
4982 2628 876 0 0 0
4983 4380 0 0 0 0
4984 2628 876 63 0 0
4990 2628 876 0 0 0
4992 876 0 0 0 0
4993 1752 0 0 0 0
4995 3504 876 0 0 0
4998 2628 876 81 0 0
5008 2715 939 163 0 0
5009 102 0 0 0 0
5010 102 0 0 0 0
5012 1272 0 0 0 0
5013 198 0 0 0 0
5014 297 0 0 0 0
5016 99 0 0 0 0
5020 735 0 0 0 0
5021 2940 735 81 0 0
5022 887 0 0 0 0
5026 152 0 0 0 0
5032 2648 0 0 0 0
5033 662 662 16 0 0
5036 662 0 0 0 0
5037 10 0 0 0 0
5042 1324 662 15 0 0
5044 5 0 0 0 0
5049 657 0 0 0 0
5050 3942 0 0 0 0
5063 96 5 0 0 0
5065 120 0 0 0 0
5067 240 120 35 0 0
5069 260 0 0 0 0
5070 112 0 0 0 0
5074 92 0 0 0 0
5077 460 0 0 0 0
5078 276 0 0 0 0
5081 368 0 0 0 0
5086 120 0 0 0 0
5087 7008 0 0 0 0
fn=_mid_memalign.isra.0
461 3 1 1 0 0
1328 1 1 0 0 0
1338 7 1 1 0 0
1347 1 0 0 0 0
3215 5 1 0 0 0
3653 5 0 0 0 0
3659 3 1 0 0 0
3663 2 1 0 0 0
3664 2 0 0 0 0
3668 3 1 0 0 0
3676 3 0 0 0 0
3679 2 1 1 0 0
3693 5 0 0 0 0
3714 3 1 1 0 0
3716 6 0 0 0 0
3717 4 1 0 0 0
3738 7 0 0 0 0
fn=alloc_perturb
1986 66429 0 0 0 0
1987 66429 22143 149 0 0
1989 66429 0 0 0 0
fn=calloc
461 3798 1266 4 0 0
463 632 0 0 0 0
1328 634 634 6 0 0
1338 3170 634 2 0 0
1347 634 0 0 0 0
3180 4 0 0 0 0
3184 4 2 0 0 0
3188 6 0 0 0 0
3192 4 0 0 0 0
3193 2 0 0 0 0
3215 3170 634 0 0 0
3217 1268 634 2 0 0
3359 3170 0 0 0 0
3361 3804 634 7 0 0
3775 3170 0 0 0 0
3783 3804 634 9 0 0
3791 2536 634 9 0 0
3802 2 0 0 0 0
3806 4 0 0 0 0
3807 2 0 0 0 0
3812 2528 632 1 0 0
3822 1896 0 0 0 0
3823 1896 0 0 0 0
3844 2528 0 0 0 0
3846 5056 1896 3 0 0
3849 1264 632 2 0 0
3874 1264 0 0 0 0
3877 632 632 2 0 0
3879 1315 0 0 0 0
3886 1264 632 2 0 0
3889 1896 0 0 0 0
3893 632 0 0 0 0
3895 2573 0 0 0 0
fn=free
3165 87404 0 0 0 0
3167 43702 0 0 0 0
3168 21851 0 0 0 0
3169 43702 0 0 0 0
3252 71130 0 0 0 0
3253 248955 71130 532 0 0
3262 175590 35118 0 0 0
3265 210708 35118 7143 0 0
3271 65553 0 0 0 0
3437 262151 0 0 0 0
3441 48761 48761 6577 0 0
3446 142260 35565 128 0 0
3449 142260 0 0 0 0
3451 35565 0 0 0 0
3453 71130 35565 121 0 0
3463 13196 0 0 0 0
3470 248955 35565 322 0 0
3473 142260 35565 110 0 0
3479 35565 0 0 0 0
3480 213390 0 0 0 0
4558 106695 35565 2 0 0
4559 71130 35565 0 0 0
4563 106695 35565 0 0 0
4690 35565 0 0 0 0
4699 82284 0 0 0 0
fn=malloc
461 75051 25017 110 0 0
1328 54417 54417 25 0 0
1338 217668 54417 10 0 0
1347 54417 0 0 0 0
1463 163251 54417 263 0 0
3180 58800 0 0 0 0
3184 58800 29400 9 0 0
3188 88200 0 0 0 0
3192 58800 0 0 0 0
3193 29400 0 0 0 0
3215 271637 54417 938 0 0
3216 2 1 1 0 0
3217 107938 53969 10956 0 0
3313 3 1 0 0 0
3359 272085 0 0 0 0
3361 326502 54417 178 0 0
3385 380919 0 0 0 0
3392 217668 54417 88 0 0
3404 75051 25017 19 0 0
3406 125085 0 0 0 0
3407 100068 50034 419 0 0
3432 380919 0 0 0 0
fn=malloc_consolidate
4868 1449 0 0 0 0
4883 414 0 0 0 0
4885 207 0 0 0 0
4896 207 0 0 0 0
4898 7686 0 0 0 0
4899 2070 2070 376 0 0
4902 10282 5141 26 0 0
4906 10282 0 0 0 0
4907 25705 5141 84 0 0
4912 20564 0 0 0 0
4915 5141 0 0 0 0
4916 5141 0 0 0 0
4917 10282 0 0 0 0
4919 5141 5141 1244 0 0
4920 1356 0 0 0 0
4921 1356 0 0 0 0
4922 1356 0 0 0 0
4923 5424 1356 1 0 0
4925 5424 0 0 0 0
4928 15423 5141 267 0 0
4929 10280 0 0 0 0
4931 5140 5140 994 0 0
4932 1498 0 0 0 0
4933 7490 0 0 0 0
4935 7284 0 0 0 0
4937 5140 0 0 0 0
4938 5140 0 0 0 0
4939 5140 0 0 0 0
4941 10280 5140 244 0 0
4942 280 0 0 0 0
4946 10280 0 0 0 0
4947 5140 0 0 0 0
4949 5140 0 0 0 0
4953 1 0 0 0 0
4954 2 0 0 0 0
4955 1 0 0 0 0
4958 16407 5141 530 0 0
4961 6210 2070 283 0 0
4962 1734 0 0 0 0
fn=posix_memalign
5840 9 0 0 0 0
5843 3 1 0 0 0
5848 1 0 0 0 0
5849 3 0 0 0 0
5850 4 1 1 0 0
5851 1 0 0 0 0
5855 4 0 0 0 0
5857 1 1 0 0 0
5859 1 0 0 0 0
5860 1 0 0 0 0
5863 1 0 0 0 0
5864 5 0 0 0 0
fn=ptmalloc_init.part.0
1948 381 127 6 0 0
1951 127 0 0 0 0
1959 2 0 0 0 0
1960 3 0 0 0 0
1962 2 0 0 0 0
3145 2 1 1 0 0
fn=realloc
461 2628 876 19 0 0
463 1005 0 0 0 0
1328 876 876 0 0 0
1338 4380 876 3 0 0
1347 4380 0 0 0 0
3485 8232 0 0 0 0
3491 4116 1029 5 0 0
3495 3087 1029 52 0 0
3502 1029 1029 28 0 0
3503 48 0 0 0 0
3507 4020 1005 3 0 0
3511 1005 0 0 0 0
3519 2139 1005 181 0 0
3521 168 0 0 0 0
3522 336 168 34 0 0
3523 78 39 1 0 0
3524 129 0 0 0 0
3528 1713 0 0 0 0
3530 837 837 63 0 0
3534 5256 876 40 0 0
3542 2628 876 3 0 0
3543 1752 876 0 0 0
3553 876 876 0 0 0
3584 2628 876 2 0 0
3586 5256 0 0 0 0
3587 6132 2628 217 0 0
3616 7155 0 0 0 0
5295 2010 1005 4 0 0
5296 1005 0 0 0 0
5297 3015 1005 89 0 0
5298 7035 0 0 0 0
fn=sysmalloc
2010 92 18 11 0 0
2534 255 0 0 0 0
2554 51 0 0 0 0
2555 51 0 0 0 0
2565 17 17 0 0 0
2566 68 17 0 0 0
2590 51 0 0 0 0
2591 34 0 0 0 0
2592 17 0 0 0 0
2601 130 49 1 0 0
2607 48 16 5 0 0
2610 68 17 8 0 0
2671 68 0 0 0 0
2679 17 0 0 0 0
2680 51 0 0 0 0
2693 34 17 5 0 0
2697 1 0 0 0 0
2701 85 0 0 0 0
2709 34 17 7 0 0
2711 85 0 0 0 0
2712 51 17 1 0 0
2714 17 0 0 0 0
2717 17 17 2 0 0
2746 51 17 1 0 0
2747 2 0 0 0 0
2748 85 0 0 0 0
2754 34 17 1 0 0
2755 64 0 0 0 0
2757 6 2 1 0 0
2785 2 0 0 0 0
2791 1 1 1 0 0
2797 2 1 1 0 0
2819 2 0 0 0 0
2820 7 0 0 0 0
2822 1 1 0 0 0
2823 4 0 0 0 0
2835 2 1 0 0 0
2877 2 0 0 0 0
2878 4 0 0 0 0
2879 3 0 0 0 0
2890 1 1 1 0 0
2923 68 17 3 0 0
2924 14 0 0 0 0
2928 16 0 0 0 0
2929 34 0 0 0 0
2932 34 17 4 0 0
2934 17 0 0 0 0
2935 17 0 0 0 0
2936 17 0 0 0 0
2937 102 0 0 0 0
2938 34 0 0 0 0
2940 51 0 0 0 0
2946 238 17 7 0 0
3263 3 0 0 0 0
fn=systrim.constprop.0
2959 80 0 0 0 0
2968 80 0 0 0 0
2970 16 0 0 0 0
2971 32 16 4 0 0
2972 7 0 0 0 0
2976 48 16 0 0 0
2977 16 0 0 0 0
2980 80 0 0 0 0
2982 16 16 7 0 0
2989 27 0 0 0 0
2990 45 9 2 0 0
3002 18 0 0 0 0
3003 18 0 0 0 0
3005 9 0 0 0 0
3007 9 0 0 0 0
3011 18 9 3 0 0
3014 27 0 0 0 0
3015 36 0 0 0 0
3017 18 0 0 0 0
3022 80 0 0 0 0
fn=tcache_init.part.0
3307 5 0 0 0 0
3316 11 2 0 0 0
3317 4 0 0 0 0
3318 1 1 0 0 0
3326 5 1 0 0 0
3335 1 0 0 0 0
3339 4 0 0 0 0
fn=unlink_chunk.isra.0
1610 15390 0 0 0 0
1612 25650 5130 57 0 0
1616 5130 0 0 0 0
1618 30780 10260 94 0 0
1621 5130 0 0 0 0
1622 5130 0 0 0 0
1623 12346 6173 943 0 0
1625 1893 631 91 0 0
1626 2524 631 85 0 0
1629 1262 631 0 0 0
1643 631 0 0 0 0
1644 631 0 0 0 0
1647 15390 0 0 0 0
fl=./malloc/./malloc/morecore.c
fn=__glibc_morecore
25 180 0 0 0 0
26 135 45 4 0 0
29 45 0 0 0 0
30 90 45 2 0 0
34 135 0 0 0 0
fl=./malloc/./malloc/scratch_buffer_set_array_size.c
fn=__libc_scratch_buffer_set_array_size
30 185 0 0 0 0
31 37 0 0 0 0
34 37 0 0 0 0
35 111 37 0 0 0
45 111 37 2 0 0
46 37 0 0 0 0
63 148 0 0 0 0
fl=./misc/../sysdeps/unix/syscall-template.S
fn=mprotect
120 385 77 0 0 0
122 77 0 0 0 0
fn=munmap
120 380 76 1 0 0
122 76 0 0 0 0
fl=./misc/../sysdeps/unix/sysv/linux/brk.c
fn=brk
36 108 0 0 0 0
37 81 0 0 0 0
38 54 27 8 0 0
44 27 0 0 0 0
45 81 0 0 0 0
fl=./misc/../sysdeps/unix/sysv/linux/brk_call.h
fn=brk
24 54 0 0 0 0
fl=./misc/../sysdeps/unix/sysv/linux/getpagesize.c
fn=getpagesize
27 3 0 0 0 0
28 12 3 0 0 0
30 3 0 0 0 0
fl=./misc/../sysdeps/unix/sysv/linux/mmap64.c
fn=mmap
47 387 0 0 0 0
50 258 129 0 0 0
58 903 129 0 0 0
60 387 0 0 0 0
fl=./misc/../sysdeps/unix/sysv/linux/setvmaname.c
fn=__set_vma_name
33 45 0 0 0 0
35 36 9 1 0 0
40 9 1 1 0 0
47 2 0 0 0 0
48 1 0 0 0 0
49 36 0 0 0 0
fl=./misc/./misc/getauxval.c
fn=__getauxval2
25 3 0 0 0 0
30 2 1 1 0 0
32 2 0 0 0 0
33 2 0 0 0 0
37 1 0 0 0 0
51 3 0 0 0 0
fn=getauxval
30 40 20 12 0 0
32 39 0 0 0 0
35 14 7 4 0 0
37 12 0 0 0 0
42 137 64 9 0 0
43 124 62 14 0 0
45 1 0 0 0 0
56 63 0 0 0 0
59 3 1 1 0 0
60 1 0 0 0 0
62 10 0 0 0 0
63 2 0 0 0 0
64 63 0 0 0 0
fl=./misc/./misc/init-misc.c
fn=__init_misc
30 6 0 0 0 0
31 3 2 0 0 0
33 3 0 0 0 0
37 4 0 0 0 0
38 5 0 0 0 0
40 4 0 0 0 0
fl=./misc/./misc/sbrk.c
fn=sbrk
37 270 0 0 0 0
40 135 0 0 0 0
43 135 45 19 0 0
50 18 0 0 0 0
58 45 45 5 0 0
59 3 1 0 0 0
62 90 45 6 0 0
63 2 0 0 0 0
66 78 52 15 0 0
68 9 0 0 0 0
74 97 26 1 0 0
78 270 0 0 0 0
fl=./misc/./misc/tsearch.c
fn=maybe_split_for_insert.isra.0
204 6 0 0 0 0
207 2 0 0 0 0
211 2 0 0 0 0
213 2 0 0 0 0
216 4 2 1 0 0
217 3 1 1 0 0
220 2 0 0 0 0
221 1 1 1 0 0
223 2 1 1 0 0
228 5 2 1 0 0
284 6 0 0 0 0
fn=tfind
372 40 0 0 0 0
376 10 10 1 0 0
377 10 0 0 0 0
382 72 11 2 0 0
384 1 0 0 0 0
387 3 0 0 1 1
388 2 1 1 0 0
391 3 0 0 0 0
394 60 0 0 0 0
fn=tsearch
291 18 0 0 0 0
302 16 2 1 0 0
306 3 0 0 0 0
307 4 2 1 0 0
308 3 0 0 0 0
313 4 2 1 0 0
315 2 0 0 0 0
316 5 0 0 1 1
317 1 1 0 0 0
320 7 0 0 0 0
325 4 1 0 0 0
326 2 1 0 0 0
329 1 0 0 0 0
333 1 0 0 0 0
337 6 0 0 0 0
338 2 2 1 0 0
349 8 0 0 0 0
350 2 0 0 0 0
352 6 0 0 0 0
355 6 1 0 0 0
358 7 0 0 0 0
362 14 0 0 0 0
fl=./nptl/../libio/bits/stdio.h
fn=pthread_getattr_np@@GLIBC_2.32
130 183 0 0 0 0
fl=./nptl/../string/bits/string_fortified.h
fn=pthread_attr_init@@GLIBC_2.17
59 3 0 0 0 0
fn=pthread_attr_setaffinity_np@@GLIBC_2.32
29 5 0 0 0 0
fn=pthread_cond_init@@GLIBC_2.17
59 15 0 0 0 0
fn=pthread_getaffinity_np@@GLIBC_2.32
59 4 0 0 0 0
fn=pthread_getattr_np@@GLIBC_2.32
29 2 0 0 0 0
fn=pthread_mutex_init@@GLIBC_2.17
59 33 0 0 0 0
fn=pthread_rwlock_init@@GLIBC_2.34
59 2444 0 0 0 0
fl=./nptl/../sysdeps/nptl/futex-internal.h
fn=__pthread_once_slow.isra.0
209 200 25 11 0 0
fl=./nptl/./nptl/cancellation.c
fn=__internal_syscall_cancel
30 475 0 0 0 0
32 95 0 0 0 0
37 190 0 0 0 0
38 285 95 17 0 0
40 95 0 0 0 0
64 380 0 0 0 0
fn=__syscall_cancel
74 285 0 0 0 0
75 95 0 0 0 0
78 45 0 0 0 0
79 285 95 9 0 0
80 285 0 0 0 0
fl=./nptl/./nptl/cleanup_compat.c
fn=_pthread_cleanup_pop@@GLIBC_2.34
40 100 0 0 0 0
41 25 0 0 0 0
43 75 0 0 0 0
47 25 0 0 0 0
49 75 0 0 0 0
fn=_pthread_cleanup_push@@GLIBC_2.34
25 75 0 0 0 0
26 25 0 0 0 0
29 25 0 0 0 0
30 75 0 0 0 0
32 25 0 0 0 0
33 75 0 0 0 0
fl=./nptl/./nptl/libc-cleanup.c
fn=__libc_cleanup_pop_restore
54 970 0 0 0 0
55 194 0 0 0 0
57 582 0 0 0 0
59 388 0 0 0 0
60 388 184 2 0 0
61 10 10 6 0 0
74 970 0 0 0 0
fn=__libc_cleanup_push_defer
24 1164 0 0 0 0
25 194 0 0 0 0
27 582 0 0 0 0
29 388 0 0 0 0
32 194 194 0 0 0
44 194 0 0 0 0
46 194 0 0 0 0
48 194 0 0 0 0
49 970 0 0 0 0
fl=./nptl/./nptl/pthread_attr_destroy.c
fn=pthread_attr_destroy
26 5 0 0 0 0
36 2 1 1 0 0
38 2 0 0 0 0
39 2 0 0 0 0
44 5 0 0 0 0
fl=./nptl/./nptl/pthread_attr_extension.c
fn=__pthread_attr_extension
25 5 0 0 0 0
26 2 1 0 0 0
27 1 0 0 0 0
28 4 0 0 0 0
29 1 1 1 0 0
32 4 0 0 0 0
fl=./nptl/./nptl/pthread_attr_getstack.c
fn=pthread_attr_getstack@@GLIBC_2.34
24 5 0 0 0 0
31 3 0 0 0 0
35 1 0 0 0 0
38 4 0 0 0 0
fl=./nptl/./nptl/pthread_attr_init.c
fn=pthread_attr_init@@GLIBC_2.17
32 5 0 0 0 0
46 3 0 0 0 0
49 5 0 0 0 0
fl=./nptl/./nptl/pthread_attr_setaffinity.c
fn=pthread_attr_setaffinity_np@@GLIBC_2.32
29 5 0 0 0 0
34 3 1 1 0 0
45 4 0 0 0 0
46 1 1 1 0 0
49 3 1 0 0 0
51 3 0 0 0 0
52 1 1 0 0 0
55 2 0 0 0 0
62 1 0 0 0 0
63 4 0 0 0 0
fl=./nptl/./nptl/pthread_cond_broadcast.c
fn=pthread_cond_broadcast@@GLIBC_2.17
39 48 0 0 0 0
40 8 0 0 0 0
42 16 0 0 0 0
43 16 8 1 0 0
88 48 0 0 0 0
fl=./nptl/./nptl/pthread_cond_init.c
fn=pthread_cond_init@@GLIBC_2.17
27 15 0 0 0 0
38 5 5 5 0 0
47 5 0 0 0 0
50 20 0 0 0 0
fl=./nptl/./nptl/pthread_cond_signal.c
fn=pthread_cond_signal@@GLIBC_2.17
35 96 0 0 0 0
36 16 0 0 0 0
41 32 0 0 0 0
42 32 16 2 0 0
95 96 0 0 0 0
fl=./nptl/./nptl/pthread_getaffinity.c
fn=pthread_getaffinity_np@@GLIBC_2.32
30 5 0 0 0 0
33 6 0 0 0 0
35 2 1 1 0 0
39 1 0 0 0 0
41 1 0 0 0 0
42 3 0 0 0 0
fl=./nptl/./nptl/pthread_getattr_np.c
fn=pthread_getattr_np@@GLIBC_2.32
33 13 0 0 0 0
37 3 0 0 0 0
38 1 1 0 0 0
43 6 1 0 0 0
49 2 0 0 0 0
52 1 0 0 0 0
55 1 0 0 0 0
56 4 0 0 0 0
59 2 0 0 0 0
62 2 1 1 0 0
85 6 0 0 0 0
86 1 1 0 0 0
91 4 1 1 0 0
102 6 0 0 0 0
103 7 0 0 0 0
105 1 0 0 0 0
108 4 0 0 0 0
112 2 0 0 0 0
115 1 0 0 0 0
117 1 0 0 0 0
120 186 184 0 0 0
122 1288 184 0 0 0
127 1293 184 0 0 0
129 920 0 0 0 0
130 552 184 1 0 0
135 3 0 0 0 0
140 3 0 0 0 0
141 1 0 0 0 0
144 3 0 0 0 0
145 2 0 0 0 0
158 183 0 0 0 0
162 3 0 0 0 0
165 2 0 0 0 0
169 3 0 0 0 0
171 2 1 1 0 0
178 1 0 0 0 0
180 5 0 0 0 0
181 1 1 0 0 0
188 5 0 0 0 0
191 4 1 0 0 0
193 1 1 1 0 0
194 5 0 0 0 0
198 2 0 0 0 0
201 5 1 0 0 0
203 6 1 1 0 0
207 14 1 0 0 0
fl=./nptl/./nptl/pthread_getspecific.c
fn=pthread_getspecific@@GLIBC_2.34
24 49132 0 0 0 0
29 24566 12283 7 0 0
30 49132 0 0 0 0
36 4197 0 0 0 0
54 12283 0 0 0 0
55 12283 12283 25 0 0
59 56602 8086 10 0 0
64 36849 0 0 0 0
fl=./nptl/./nptl/pthread_key_create.c
fn=pthread_key_create@@GLIBC_2.34
25 110 0 0 0 0
27 231 55 17 0 0
29 66 0 0 0 0
31 264 66 12 0 0
33 66 11 0 0 0
37 33 0 0 0 0
40 11 0 0 0 0
43 11 0 0 0 0
48 66 0 0 0 0
fl=./nptl/./nptl/pthread_mutex_conf.c
fn=__pthread_tunables_init
55 10 0 0 0 0
56 5 0 0 0 0
58 5 0 0 0 0
60 5 0 0 0 0
62 12 1 0 0 0
fl=./nptl/./nptl/pthread_mutex_destroy.c
fn=pthread_mutex_destroy@@GLIBC_2.17
26 12 0 0 0 0
27 4 0 0 0 0
31 12 4 0 0 0
33 8 4 0 0 0
34 4 0 0 0 0
39 8 0 0 0 0
41 4 0 0 0 0
42 12 0 0 0 0
fl=./nptl/./nptl/pthread_mutex_init.c
fn=pthread_mutex_init@@GLIBC_2.17
53 132 0 0 0 0
65 33 11 8 0 0
92 22 0 0 0 0
105 77 22 11 0 0
134 33 11 2 0 0
140 22 0 0 0 0
149 11 0 0 0 0
151 11 0 0 0 0
152 143 11 2 0 0
fl=./nptl/./nptl/pthread_mutex_lock.c
fn=pthread_mutex_lock@@GLIBC_2.17
44 49 0 0 0 0
45 343 147 7 0 0
46 143 0 0 0 0
77 196 0 0 0 0
80 196 0 0 0 0
82 49 0 0 0 0
84 98 49 4 0 0
88 147 49 4 0 0
94 94 47 3 0 0
108 8 2 1 0 0
112 98 0 0 0 0
115 8 2 2 0 0
124 49 0 0 0 0
130 2 2 2 0 0
131 6 0 0 0 0
179 49 0 0 0 0
182 49 0 0 0 0
184 98 0 0 0 0
187 49 0 0 0 0
190 245 0 0 0 0
fl=./nptl/./nptl/pthread_mutex_unlock.c
fn=__pthread_mutex_unlock_usercnt
39 49 0 0 0 0
40 245 98 8 0 0
41 49 0 0 0 0
48 343 0 0 0 0
51 196 0 0 0 0
52 98 49 1 0 0
57 49 49 11 0 0
62 49 0 0 0 0
63 49 49 22 0 0
65 196 0 0 0 0
70 49 0 0 0 0
72 49 0 0 0 0
74 4 2 2 0 0
80 8 2 0 0 0
84 12 2 2 0 0
87 10 2 0 0 0
104 196 0 0 0 0
fn=pthread_mutex_unlock@@GLIBC_2.17
367 147 0 0 0 0
368 98 0 0 0 0
369 98 0 0 0 0
fl=./nptl/./nptl/pthread_once.c
fn=__pthread_once_slow.isra.0
67 325 0 0 0 0
76 25 0 0 0 0
80 25 25 20 0 0
88 75 0 0 0 0
92 175 25 4 0 0
101 100 25 15 0 0
114 375 0 0 0 0
116 25 0 0 25 25
118 75 0 0 0 0
124 50 0 0 0 0
132 325 25 4 0 0
fn=pthread_once@@GLIBC_2.34
136 22164 0 0 0 0
139 22089 0 0 0 0
140 22089 22089 84 0 0
143 25 0 0 0 0
144 44228 0 0 0 0
fl=./nptl/./nptl/pthread_rwlock_common.c
fn=pthread_rwlock_rdlock@@GLIBC_2.34
298 41874 5982 25 0 0
310 17946 5982 3 0 0
312 1 0 0 0 0
314 1 0 0 0 0
315 4 1 1 0 0
337 1 0 0 0 0
353 23928 0 0 0 0
370 5982 5982 8 0 0
378 2 0 0 0 0
390 5982 5982 98 0 0
391 11965 0 0 0 0
396 918 306 18 0 0
402 2142 306 4 0 0
413 1530 306 61 0 0
fn=pthread_rwlock_unlock@@GLIBC_2.34
221 31816 0 0 0 0
232 5982 0 0 0 0
236 5982 0 0 0 0
240 11964 5982 353 0 0
243 17946 0 0 0 0
244 11964 0 0 0 0
254 47856 5982 161 0 0
259 5982 5982 4 0 0
275 11964 5982 352 0 0
531 1972 0 0 0 0
535 7888 0 0 0 0
536 1972 0 0 0 0
538 3944 1972 29 0 0
541 2 0 0 0 0
542 1 1 1 0 0
559 1972 0 0 0 0
561 19720 1972 2 0 0
569 3944 1972 0 0 0
582 1972 1972 13 0 0
fn=pthread_rwlock_wrlock@@GLIBC_2.34
603 13804 1972 13 0 0
622 9860 0 0 0 0
624 3944 1972 12 0 0
692 315 0 0 0 0
778 5916 0 0 0 0
783 1972 1972 195 0 0
789 1575 945 7 0 0
795 3780 630 17 0 0
802 945 0 0 0 0
947 3944 0 0 0 0
949 3944 0 0 0 0
fl=./nptl/./nptl/pthread_rwlock_destroy.c
fn=pthread_rwlock_destroy@@GLIBC_2.34
24 465 0 0 0 0
25 155 0 0 0 0
29 620 0 0 0 0
fl=./nptl/./nptl/pthread_rwlock_init.c
fn=pthread_rwlock_init@@GLIBC_2.34
34 3055 0 0 0 0
46 2444 0 0 0 0
50 1222 0 0 0 0
53 2444 0 0 0 0
56 2444 0 0 0 0
fl=./nptl/./nptl/pthread_rwlock_rdlock.c
fn=pthread_rwlock_rdlock@@GLIBC_2.34
23 29910 0 0 0 0
24 5982 0 0 0 0
27 5982 0 0 0 0
29 29910 0 0 0 0
fl=./nptl/./nptl/pthread_rwlock_unlock.c
fn=pthread_rwlock_unlock@@GLIBC_2.34
30 55678 0 0 0 0
31 7954 0 0 0 0
38 39770 7954 251 0 0
39 15908 0 0 0 0
44 55678 0 0 0 0
fl=./nptl/./nptl/pthread_rwlock_wrlock.c
fn=pthread_rwlock_wrlock@@GLIBC_2.34
23 11832 0 0 0 0
24 1972 0 0 0 0
27 1972 0 0 0 0
29 11832 0 0 0 0
fl=./nptl/./nptl/pthread_self.c
fn=pthread_self
23 2 0 0 0 0
24 2 0 0 0 0
25 4 0 0 0 0
fl=./nptl/./nptl/pthread_setspecific.c
fn=pthread_setspecific@@GLIBC_2.34
25 77 0 0 0 0
32 11 0 0 0 0
36 22 11 2 0 0
39 66 11 1 0 0
41 11 0 0 0 0
43 33 0 0 0 0
46 11 11 1 0 0
47 33 0 0 0 0
66 11 0 0 0 0
86 11 0 0 0 0
90 55 0 0 0 0
fl=./posix/../malloc/dynarray-skeleton.c
fn=__register_atfork
199 3 0 0 0 0
201 2 0 0 0 0
220 2 0 0 0 0
322 4 0 0 0 0
323 4 0 0 0 0
324 6 0 0 0 0
361 2 1 0 0 0
365 5 1 0 0 0
fn=__unregister_atfork
243 74 0 0 0 0
254 70 0 0 0 0
274 4 0 0 0 0
425 2 2 0 0 0
427 4 0 0 0 0
fl=./posix/../sysdeps/posix/sysconf.c
fn=sysconf
60 32 10 6 2 1
221 6 0 0 0 0
323 2 0 0 0 0
fl=./posix/../sysdeps/unix/syscall-template.S
fn=geteuid
91 9 0 0 0 0
93 3 0 0 0 0
fn=getpid
91 33 0 0 0 0
93 11 0 0 0 0
fn=getuid
91 9 0 0 0 0
93 3 0 0 0 0
fl=./posix/../sysdeps/unix/sysv/linux/_exit.c
fn=_Exit
27 4 0 0 0 0
30 6 0 0 0 0
fl=./posix/../sysdeps/unix/sysv/linux/aarch64/sysconf.c
fn=sysconf
29 22 0 0 0 0
39 8 4 1 0 0
50 24 2 0 0 0
fl=./posix/../sysdeps/unix/sysv/linux/sysconf.c
fn=sysconf
49 18 10 5 0 0
fl=./posix/./posix/register-atfork.c
fn=__register_atfork
38 20 0 0 0 0
39 14 2 0 0 0
41 6 2 1 0 0
45 2 2 1 0 0
47 2 0 0 0 0
49 2 0 0 0 0
55 6 2 1 0 0
57 4 0 0 0 0
61 10 2 0 0 0
63 2 0 0 0 0
64 13 0 0 0 0
fn=__unregister_atfork
71 285 77 6 0 0
74 126 42 5 0 0
82 222 0 0 0 0
83 259 37 0 0 0
94 2 0 0 0 0
95 4 2 1 0 0
104 10 0 0 0 0
105 26 6 1 0 0
109 222 37 1 0 0
110 185 0 0 0 0
fl=./resource/../sysdeps/unix/sysv/linux/getrlimit64.c
fn=getrlimit
38 6 0 0 0 0
39 16 2 0 0 0
40 6 0 0 0 0
fl=./setjmp/../sysdeps/aarch64/setjmp.S
fn=__sigsetjmp
36 140 0 0 0 0
40 141 0 0 0 0
41 141 0 0 0 0
42 141 0 0 0 0
43 141 0 0 0 0
44 141 0 0 0 0
47 424 0 0 0 0
48 141 0 0 0 0
55 141 0 0 0 0
56 141 0 0 0 0
57 141 0 0 0 0
58 141 0 0 0 0
59 141 0 0 0 0
62 141 0 0 0 0
63 141 0 0 0 0
64 141 0 0 0 0
71 141 0 0 0 0
72 424 0 0 0 0
73 141 0 0 0 0
80 140 0 0 0 0
81 140 0 0 0 0
83 1 0 0 0 0
fn=_setjmp
30 1 0 0 0 0
31 1 0 0 0 0
32 1 0 0 0 0
fl=./setjmp/./setjmp/sigjmp.c
fn=__sigjmp_save
28 5 0 0 0 0
29 1 0 0 0 0
30 1 1 0 0 0
34 5 0 0 0 0
fl=./signal/../string/bits/string_fortified.h
fn=__libc_sigaction
29 66 0 0 0 0
fl=./signal/../sysdeps/posix/signal.c
fn=signal
30 9 0 0 0 0
34 4 0 0 0 0
35 2 1 0 0 0
41 1 0 0 0 0
44 4 0 0 0 0
45 4 1 0 0 0
48 2 0 0 0 0
49 11 1 0 0 0
fl=./signal/../sysdeps/unix/syscall-template.S
fn=sigaltstack
120 15 3 1 0 0
122 3 0 0 0 0
fl=./signal/../sysdeps/unix/sysv/linux/internal-signals.h
fn=sigaction
53 10 0 0 0 0
fn=signal
53 1 0 0 0 0
fl=./signal/../sysdeps/unix/sysv/linux/libc_sigaction.c
fn=__libc_sigaction
43 50 0 0 0 0
48 5 5 2 0 0
50 9 0 0 0 0
52 6 0 0 0 0
53 3 3 3 0 0
58 44 10 4 0 0
63 15 5 2 0 0
65 9 0 0 0 0
67 3 0 0 0 0
68 6 0 0 0 0
71 55 5 0 0 0
fl=./signal/../sysdeps/unix/sysv/linux/sigsetops.h
fn=signal
96 3 0 0 0 0
102 2 0 0 0 0
fl=./signal/./signal/sigaction.c
fn=sigaction
27 50 0 0 0 0
28 25 10 3 0 0
36 10 5 0 0 0
39 40 5 0 0 0
45 20 0 0 0 0
fl=./stdio-common/../include/scratch_buffer.h
fn=__vfscanf_internal
77 368 0 0 0 0
78 368 0 0 0 0
85 736 184 2 0 0
113 2944 0 0 0 0
fl=./stdio-common/../libio/strfile.h
fn=__isoc23_sscanf
87 184 0 0 0 0
88 1288 0 0 0 0
89 552 0 0 0 0
90 920 0 0 0 0
fl=./stdio-common/../string/bits/string_fortified.h
fn=__printf_buffer_write
29 162 0 0 0 0
fn=__vfscanf_internal
59 368 0 0 0 0
fl=./stdio-common/./stdio-common/Xprintf_buffer_done.c
fn=__printf_buffer_done
25 36 0 0 0 0
26 24 12 4 0 0
31 24 0 0 0 0
33 108 24 1 0 0
40 36 0 0 0 0
fl=./stdio-common/./stdio-common/Xprintf_buffer_write.c
fn=__printf_buffer_write
27 280 0 0 0 0
28 224 56 2 0 0
31 164 110 9 0 0
33 324 54 16 0 0
35 56 0 0 0 0
36 54 0 0 0 0
37 108 0 0 0 0
40 162 0 0 0 0
41 54 0 0 0 0
44 224 0 0 0 0
fl=./stdio-common/./stdio-common/errlist.c
fn=__get_errlist
27 24 0 0 0 0
29 48 16 2 0 0
30 24 0 0 0 0
31 8 0 0 0 0
32 24 0 0 0 0
fl=./stdio-common/./stdio-common/getline.c
fn=getline
27 736 0 0 0 0
28 368 0 0 0 0
29 368 0 0 0 0
fl=./stdio-common/./stdio-common/isoc23_sscanf.c
fn=__isoc23_sscanf
24 3864 0 0 0 0
30 1288 0 0 0 0
31 1472 0 0 0 0
36 2392 184 0 0 0
fl=./stdio-common/./stdio-common/printf-parse.h
fn=__printf_buffer
82 172 0 0 0 0
fn=__vfscanf_internal
55 1472 0 0 0 0
fl=./stdio-common/./stdio-common/vfprintf-internal.c
fn=__printf_buffer
600 276 0 0 0 0
627 72 0 0 0 0
631 12 0 0 0 0
634 48 0 0 0 0
638 60 0 0 0 0
642 12 0 0 0 0
653 48 0 0 0 0
655 24 12 6 0 0
659 24 12 0 0 0
663 120 36 1 0 0
683 22 0 0 0 0
685 22 0 0 0 0
686 22 0 0 0 0
687 22 0 0 0 0
690 22 0 0 0 0
691 22 0 0 0 0
692 22 0 0 0 0
693 22 0 0 0 0
694 22 0 0 0 0
695 22 0 0 0 0
698 22 0 0 0 0
699 22 0 0 0 0
705 370 22 4 22 1
1018 66 0 0 0 0
1024 22 0 0 0 0
1028 88 0 0 0 0
1031 100 32 5 0 0
1044 180 12 2 0 0
fl=./stdio-common/./stdio-common/vfprintf-process-arg.c
fn=__printf_buffer
403 308 44 5 0 0
408 22 22 0 0 0
422 132 22 0 0 0
430 44 22 3 0 0
435 110 0 0 0 0
455 88 22 4 0 0
463 88 0 0 0 0
464 22 0 0 0 0
491 22 0 0 0 0
fl=./stdio-common/./stdio-common/vfscanf-internal.c
fn=__vfscanf_internal
206 2576 0 0 0 0
214 368 0 0 0 0
222 736 0 0 0 0
223 1472 0 0 0 0
231 736 0 0 0 0
260 18784 3376 5 0 0
263 13834 0 0 0 0
278 4232 0 0 0 0
282 184 0 0 0 0
283 2944 0 0 0 0
288 736 0 0 0 0
289 552 0 0 0 0
293 184 0 0 0 0
313 184 0 0 0 0
325 184 0 0 0 0
326 184 0 0 0 0
327 184 0 0 0 0
328 184 0 0 0 0
332 184 0 0 0 0
339 552 0 0 0 0
345 736 368 10 0 0
348 920 368 0 0 0
352 552 0 0 0 0
359 552 0 0 0 0
366 184 0 0 0 0
367 552 0 0 0 0
372 2576 184 0 0 0
381 2944 736 186 0 0
419 552 552 2 0 0
443 2392 0 0 0 0
444 1104 552 186 0 0
447 736 184 0 0 0
454 1472 368 2 0 0
462 184 184 0 0 0
470 368 184 0 0 0
483 1472 0 0 0 0
489 2208 368 4 0 0
505 368 0 0 0 0
506 1840 368 4 0 0
530 368 0 0 0 0
533 4048 2208 6 0 0
546 1104 368 0 0 0
554 736 0 0 0 0
660 368 368 0 0 0
664 1104 0 0 0 0
665 1840 736 0 0 0
669 2576 0 0 0 0
670 368 0 0 0 0
676 3312 736 4 0 0
679 1104 368 2 0 0
680 1840 0 0 0 0
681 1840 0 0 0 0
685 5520 368 0 368 1
1450 2208 368 0 0 0
1455 1104 368 0 0 0
1464 1840 368 2 0 0
1467 990 0 0 0 0
1470 2310 330 0 0 0
1472 1980 660 4 0 0
1484 660 330 0 0 0
1494 330 330 2 0 0
1498 38 0 0 0 0
1501 736 368 0 0 0
1742 368 0 0 0 0
1813 6358 3046 2 0 0
1815 6092 3046 4 0 0
1817 9138 3046 368 0 0
1822 368 0 0 0 0
1830 736 0 0 0 0
1877 2678 0 0 0 0
1879 8034 0 0 0 0
1881 18746 2678 0 0 0
1884 368 368 0 0 0
1891 736 368 0 0 0
1892 1104 368 0 0 0
1920 5152 368 2 0 0
1924 1104 368 0 0 0
1941 368 368 0 0 0
1942 1472 0 0 0 0
1945 736 0 0 0 0
1948 2576 368 0 0 0
1951 1104 368 0 0 0
1970 368 368 1 0 0
1971 6992 1104 2 0 0
1980 2944 0 0 0 0
3139 1472 184 0 0 0
3149 736 184 1 0 0
3153 736 184 0 0 0
3155 184 0 0 0 0
3170 368 184 0 0 0
3176 3312 184 0 0 0
fl=./stdlib/../stdlib/strtol.c
fn=__strtoul_internal
107 1104 0 0 0 0
108 2208 0 0 0 0
110 736 0 0 0 0
fl=./stdlib/../stdlib/strtol_l.c
fn=____strtoul_l_internal
238 3312 0 0 0 0
257 368 0 0 0 0
258 38 0 0 0 0
264 368 368 1 0 0
292 368 0 0 0 0
295 1104 368 0 0 0
301 368 0 0 0 0
304 2208 368 2 0 0
306 368 368 0 0 0
310 368 0 0 0 0
311 736 368 0 0 0
317 1104 0 0 0 0
320 1104 368 4 0 0
322 2970 660 0 0 0
327 330 330 2 0 0
332 1320 330 2 0 0
335 38 0 0 0 0
342 76 38 0 0 0
387 76 0 0 0 0
390 1142 0 0 0 0
391 1764 0 0 0 0
393 368 0 0 0 0
394 368 0 0 0 0
449 6016 0 0 0 0
451 9506 3046 370 0 0
453 12032 3008 407 0 0
460 380 380 0 0 0
477 1876 380 0 0 0
478 2244 0 0 0 0
481 6016 3008 2 0 0
484 12032 3008 0 0 0
489 368 0 0 0 0
490 3008 0 0 0 0
495 736 368 0 0 0
500 368 368 1 0 0
501 368 0 0 0 0
513 736 368 1 0 0
524 736 0 0 0 0
546 2208 0 0 0 0
fl=./stdlib/../string/bits/string_fortified.h
fn=indirect_msort_with_tmp
29 525 0 0 0 0
fn=msort_with_tmp.part.0
29 1979 0 0 0 0
fl=./stdlib/../sysdeps/unix/sysv/linux/getentropy.c
fn=getentropy
29 6 0 0 0 0
32 6 2 0 0 0
41 2 0 0 0 0
42 8 4 2 0 0
45 14 2 1 0 0
46 4 2 1 0 0
48 8 0 0 0 0
54 2 2 1 0 0
62 2 0 0 0 0
64 2 0 0 0 0
65 6 0 0 0 0
fl=./stdlib/../sysdeps/unix/sysv/linux/getrandom.c
fn=__getrandom_early_init
238 9 0 0 0 0
241 6 2 1 0 0
254 1 0 0 0 0
278 11 1 0 0 0
fn=getrandom
351 6 0 0 0 0
353 4 0 0 0 0
357 4 0 0 0 0
fn=getrandom_vdso
31 28 2 0 0 0
32 2 2 2 0 0
187 26 0 0 0 0
188 6 2 2 0 0
233 10 0 0 0 0
fl=./stdlib/./setenv.h
fn=__add_to_environ
55 6 0 0 0 0
56 5 3 1 0 0
fl=./stdlib/./stdlib/cxa_atexit.c
fn=__cxa_atexit
67 6 0 0 0 0
68 6 0 0 0 0
69 4 0 0 0 0
fn=__internal_atexit
36 10 0 0 0 0
41 2 2 0 0 0
43 20 2 1 0 0
44 6 0 0 0 0
46 2 2 0 0 0
52 8 0 0 0 0
53 2 0 0 0 0
54 2 0 0 0 0
56 2 0 0 0 0
57 12 2 1 0 0
58 2 0 0 0 0
59 10 0 0 0 0
fn=__new_exitfn
80 10 0 0 0 0
81 2 0 0 0 0
86 6 2 0 0 0
91 9 3 1 0 0
93 5 2 1 0 0
94 6 1 1 0 0
101 1 0 0 0 0
104 2 1 1 0 0
122 1 0 0 0 0
123 2 0 0 0 0
129 2 0 0 0 0
130 2 0 0 0 0
134 1 0 0 0 0
136 4 0 0 0 0
137 8 0 0 0 0
141 8 0 0 0 0
fl=./stdlib/./stdlib/cxa_finalize.c
fn=__cxa_finalize
45 370 0 0 0 0
48 222 37 3 0 0
51 185 74 2 0 0
55 222 37 7 0 0
58 37 0 0 0 0
93 74 0 0 0 0
96 74 0 0 0 0
108 185 74 2 0 0
112 222 37 2 0 0
119 37 37 2 0 0
120 74 0 0 0 0
121 222 37 2 0 0
122 296 0 0 0 0
fl=./stdlib/./stdlib/cxa_thread_atexit_impl.c
fn=__call_tls_dtors
148 5 0 0 0 0
149 9 2 0 0 0
153 3 0 0 0 0
155 2 0 0 0 0
156 1 0 0 1 1
162 4 0 0 0 0
163 2 0 0 0 0
165 5 0 0 0 0
fn=__cxa_thread_atexit_impl
102 10 0 0 0 0
103 4 0 0 0 0
106 3 0 0 0 0
107 1 1 0 0 0
110 1 0 0 0 0
111 1 0 0 0 0
112 6 0 0 0 0
113 1 0 0 0 0
117 4 0 0 0 0
120 1 1 1 0 0
124 3 0 0 0 0
128 4 1 0 0 0
136 3 0 0 0 0
137 2 0 0 0 0
139 3 0 0 0 0
142 8 0 0 0 0
fl=./stdlib/./stdlib/exit.c
fn=__run_exit_handlers
45 13 0 0 0 0
47 18 2 1 0 0
50 1 1 1 0 0
51 2 0 0 0 0
53 6 1 0 0 0
64 1 0 0 0 0
66 1 1 0 0 0
70 3 0 0 0 0
74 6 3 2 0 0
76 4 0 0 0 0
77 3 0 0 0 0
79 12 4 1 0 0
101 2 0 0 0 0
104 5 0 0 0 0
111 2 0 0 0 0
113 2 0 0 0 0
114 4 0 0 0 0
117 10 2 0 0 0
118 6 0 0 2 2
119 10 2 2 0 0
123 6 2 2 0 0
129 2 0 0 0 0
130 1 1 0 0 0
136 6 1 0 0 0
138 2 1 1 0 0
139 2 0 0 0 0
141 2 0 0 0 0
fn=exit
147 3 0 0 0 0
148 5 0 0 0 0
fl=./stdlib/./stdlib/getenv.c
fn=getenv
25 891 0 0 0 0
29 162 0 0 0 0
42 81 0 0 0 0
43 243 162 11 0 0
44 63 0 0 0 0
46 243 0 0 0 0
47 2348 0 0 0 0
49 2429 0 0 0 0
50 2591 2429 171 0 0
55 7098 2366 179 0 0
56 817 177 35 0 0
57 36 0 0 0 0
67 63 0 0 0 0
69 189 63 3 0 0
154 567 0 0 0 0
fl=./stdlib/./stdlib/qsort.c
fn=indirect_msort_with_tmp
201 18 3 0 0 0
300 27 0 0 0 0
303 6 0 0 0 0
304 3 0 0 0 0
305 3 0 0 0 0
307 370 179 18 0 0
309 176 0 0 0 0
310 176 0 0 0 0
312 6 0 0 0 0
318 710 176 6 0 0
319 528 176 20 0 0
321 6 0 0 0 0
322 6 0 0 0 0
327 318 0 0 0 0
328 159 0 0 0 0
331 159 0 0 0 0
332 471 0 0 0 0
334 318 159 3 0 0
336 6 0 0 0 0
339 18 0 0 0 0
fn=msort_with_tmp.part.0
196 4576 0 0 0 0
201 2788 832 151 0 0
204 416 0 0 0 0
205 416 0 0 0 0
206 832 0 0 0 0
207 832 0 0 0 0
212 416 0 0 0 0
213 416 0 0 0 0
215 416 0 0 0 0
216 2323 1075 52 0 0
237 1819 701 90 0 0
239 3354 559 159 559 3
241 360 0 0 0 0
243 360 0 0 0 0
247 199 0 0 0 0
249 199 0 0 0 0
255 3905 894 137 0 0
257 4956 826 103 826 1
259 533 0 0 0 0
265 293 0 0 0 0
291 416 416 23 0 0
293 416 0 0 0 0
294 2912 0 0 0 0
fn=qsort
404 180 0 0 0 0
405 120 0 0 0 0
406 120 0 0 0 0
fn=qsort_r
132 342 0 0 0 0
134 114 57 0 0 0
135 57 0 0 0 0
136 114 57 0 0 0
140 285 0 0 0 0
201 57 0 0 0 0
344 720 0 0 0 0
345 540 60 3 0 0
350 57 0 0 0 0
353 300 60 3 0 0
354 3 0 0 0 0
356 120 60 3 0 0
357 120 0 0 0 0
360 6 0 0 0 0
361 2 0 0 0 0
362 1 0 0 0 0
363 4 1 1 0 0
373 18 0 0 0 0
381 18 0 0 0 0
385 228 0 0 0 0
396 120 60 14 0 0
397 362 0 0 0 0
398 720 60 1 0 0
fl=./stdlib/./stdlib/secure-getenv.c
fn=secure_getenv
28 64 0 0 0 0
29 80 16 2 0 0
30 32 0 0 0 0
fl=./stdlib/./stdlib/setenv.c
fn=__add_to_environ
117 2 0 0 0 0
123 3 0 0 0 0
124 2 1 0 0 0
127 2 0 0 0 0
128 2 1 0 0 0
135 1 0 0 0 0
139 1 0 0 0 0
140 1 0 0 0 0
147 24 0 0 0 0
154 4 0 0 0 0
156 2 2 0 0 0
157 8 0 0 0 0
159 14 2 0 0 0
163 8 0 0 0 0
164 6 0 0 0 0
170 2 2 0 0 0
171 134 67 10 0 0
172 325 65 3 0 0
182 6 0 0 0 0
184 5 1 1 0 0
196 1 1 1 0 0
203 2 0 0 0 0
222 133 33 11 0 0
226 96 0 0 0 0
229 9 0 0 0 0
233 2 0 0 0 0
245 2 2 2 0 0
249 4 0 0 0 0
251 6 0 0 0 0
252 2 2 0 0 0
258 20 0 0 0 0
266 14 2 1 0 0
274 12 0 0 0 0
286 2 0 0 0 0
287 2 0 0 0 0
290 12 2 0 0 0
292 2 0 0 0 0
293 16 0 0 0 0
fn=setenv
297 14 0 0 0 0
298 16 6 0 0 0
304 12 0 0 0 0
305 6 0 0 0 0
fl=./string/../include/rtld-malloc.h
fn=strdup
56 152 0 0 38 1
fl=./string/../sysdeps/aarch64/memcmp.S
fn=bcmp
46 20139 0 0 0 0
51 20139 0 0 0 0
52 20139 20139 331 0 0
53 2751 0 0 0 0
54 2751 0 0 0 0
55 2751 0 0 0 0
56 2751 0 0 0 0
57 2751 2751 248 0 0
59 2481 0 0 0 0
60 2481 0 0 0 0
61 2481 0 0 0 0
62 2481 2481 36 0 0
63 2420 0 0 0 0
64 2420 2420 554 0 0
65 4838 0 0 0 0
69 2480 0 0 0 0
70 2480 0 0 0 0
71 2480 0 0 0 0
72 2480 0 0 0 0
73 2480 2480 17 0 0
74 2471 0 0 0 0
75 2471 2471 21 0 0
77 2427 0 0 0 0
78 2427 0 0 0 0
79 2427 0 0 0 0
80 2427 0 0 0 0
81 2427 2427 54 0 0
82 2421 0 0 0 0
83 2421 0 0 0 0
85 2421 0 0 0 0
86 2421 2421 11 0 0
90 2465 0 0 0 0
91 2465 0 0 0 0
93 9898 0 0 0 0
94 9898 0 0 0 0
95 9898 0 0 0 0
100 12648 0 0 0 0
101 12648 0 0 0 0
103 12648 0 0 0 0
104 12648 0 0 0 0
105 12648 0 0 0 0
106 12648 0 0 0 0
110 17388 0 0 0 0
111 17388 0 0 0 0
112 17388 17388 1659 0 0
113 4785 0 0 0 0
114 4785 0 0 0 0
115 4785 0 0 0 0
116 4785 0 0 0 0
117 4785 0 0 0 0
121 12603 12603 743 0 0
122 2363 0 0 0 0
123 2363 0 0 0 0
124 2363 0 0 0 0
125 2363 0 0 0 0
126 2363 0 0 0 0
129 10240 10240 7 0 0
130 10217 0 0 0 0
131 10217 0 0 0 0
132 10217 0 0 0 0
133 10217 10217 3595 0 0
135 7490 0 0 0 0
136 7490 7490 3 0 0
137 7479 0 0 0 0
138 7479 0 0 0 0
139 7479 0 0 0 0
141 7490 0 0 0 0
144 1 0 0 0 0
145 1 0 0 0 0
146 1 0 0 0 0
147 1 0 0 0 0
148 1 1 0 0 0
151 1 0 0 0 0
152 1 0 0 0 0
153 1 0 0 0 0
154 1 0 0 0 0
155 1 0 0 0 0
156 1 0 0 0 0
160 2 0 0 0 0
161 2 0 0 0 0
162 2 0 0 0 0
163 2 0 0 0 0
164 2 0 0 0 0
165 2 0 0 0 0
166 2 0 0 0 0
167 2 0 0 0 0
168 2 0 0 0 0
169 2 0 0 0 0
170 2 0 0 0 0
171 2 0 0 0 0
172 2 0 0 0 0
173 2 0 0 0 0
174 2 0 0 0 0
175 2 0 0 0 0
176 2 0 0 0 0
177 2 0 0 0 0
178 2 0 0 0 0
179 2 2 1 0 0
182 1 0 0 0 0
183 1 1 0 0 0
189 1 0 0 0 0
190 1 0 0 0 0
191 1 0 0 0 0
192 1 0 0 0 0
193 1 0 0 0 0
194 1 0 0 0 0
196 1 0 0 0 0
197 1 0 0 0 0
199 1 0 0 0 0
200 1 0 0 0 0
201 1 0 0 0 0
202 1 0 0 0 0
fl=./string/../sysdeps/aarch64/multiarch/../memchr.S
fn=__GI_memchr
59 8091 0 0 0 0
62 8091 0 0 0 0
63 8091 8091 44 0 0
64 8091 0 0 0 0
65 8091 0 0 0 0
66 8091 0 0 0 0
67 8091 0 0 0 0
68 8091 0 0 0 0
69 8091 0 0 0 0
70 8091 0 0 0 0
71 8091 8091 459 0 0
73 135 0 0 0 0
74 135 0 0 0 0
75 135 0 0 0 0
76 135 0 0 0 0
77 135 0 0 0 0
78 135 0 0 0 0
82 7956 0 0 0 0
83 7956 0 0 0 0
84 7956 0 0 0 0
85 7956 7956 52 0 0
88 7912 7912 1542 0 0
89 6661 0 0 0 0
92 14804 0 0 0 0
93 14804 0 0 0 0
94 14804 0 0 0 0
95 14804 0 0 0 0
96 14804 14804 614 0 0
99 14988 0 0 0 0
100 14988 0 0 0 0
101 14988 0 0 0 0
102 14988 0 0 0 0
103 14988 0 0 0 0
104 14988 0 0 0 0
105 14988 14988 1224 0 0
107 6845 0 0 0 0
109 7912 0 0 0 0
110 7912 0 0 0 0
111 7912 0 0 0 0
112 7912 0 0 0 0
114 7912 0 0 0 0
116 7912 0 0 0 0
117 7912 0 0 0 0
118 7912 0 0 0 0
119 7912 0 0 0 0
120 7912 0 0 0 0
123 44 0 0 0 0
124 44 0 0 0 0
fl=./string/../sysdeps/aarch64/multiarch/../memcpy.S
fn=__GI_memcpy
72 30306 0 0 0 0
77 30306 0 0 0 0
78 30306 0 0 0 0
79 30306 0 0 0 0
80 30306 30306 2532 0 0
81 23508 0 0 0 0
82 23508 23508 4156 0 0
85 12371 0 0 0 0
86 12371 12371 3232 0 0
87 3497 0 0 0 0
88 3497 0 0 0 0
89 3497 0 0 0 0
90 3497 0 0 0 0
91 3497 0 0 0 0
95 8899 8899 2486 0 0
96 3858 0 0 0 0
97 3858 0 0 0 0
98 3858 0 0 0 0
99 3858 0 0 0 0
100 3858 0 0 0 0
104 5041 5041 1059 0 0
105 1592 0 0 0 0
106 1592 0 0 0 0
107 1592 0 0 0 0
108 1592 0 0 0 0
109 1592 0 0 0 0
113 3449 3449 20 0 0
114 2534 0 0 0 0
115 2534 0 0 0 0
116 2534 0 0 0 0
117 2534 0 0 0 0
118 2534 0 0 0 0
119 2534 0 0 0 0
120 2534 0 0 0 0
122 3449 0 0 0 0
127 11142 0 0 0 0
128 11142 0 0 0 0
129 11142 0 0 0 0
130 11142 11142 676 0 0
131 3129 0 0 0 0
132 3129 0 0 0 0
133 3129 0 0 0 0
138 8013 0 0 0 0
139 8013 0 0 0 0
140 8013 8013 405 0 0
141 494 0 0 0 0
142 494 0 0 0 0
144 8013 0 0 0 0
145 8013 0 0 0 0
146 8013 0 0 0 0
147 8013 0 0 0 0
155 7837 0 0 0 0
156 7837 0 0 0 0
157 7837 0 0 0 0
158 7837 0 0 0 0
159 7837 0 0 0 0
160 7837 0 0 0 0
161 7837 0 0 0 0
162 7837 0 0 0 0
163 7837 0 0 0 0
164 7837 7837 62 0 0
166 67868 0 0 0 0
167 67868 0 0 0 0
168 67868 0 0 0 0
169 67868 0 0 0 0
170 67868 0 0 0 0
171 67868 0 0 0 0
172 67868 0 0 0 0
173 67868 67868 6847 0 0
177 7837 0 0 0 0
178 7837 0 0 0 0
179 7837 0 0 0 0
180 7837 0 0 0 0
181 7837 0 0 0 0
182 7837 0 0 0 0
183 7837 0 0 0 0
fn=__GI_memmove
189 1095 0 0 0 0
194 1095 0 0 0 0
195 1095 0 0 0 0
196 1095 0 0 0 0
197 1095 1095 55 0 0
198 51 0 0 0 0
199 51 51 10 0 0
202 46 0 0 0 0
203 46 46 22 0 0
204 21 0 0 0 0
205 21 0 0 0 0
206 21 0 0 0 0
207 21 0 0 0 0
208 21 0 0 0 0
212 1044 0 0 0 0
213 1044 1044 2 0 0
214 1044 0 0 0 0
215 1044 1044 14 0 0
220 5 0 0 0 0
221 5 0 0 0 0
222 5 0 0 0 0
223 5 0 0 0 0
224 5 0 0 0 0
225 5 0 0 0 0
226 5 0 0 0 0
227 5 0 0 0 0
228 5 0 0 0 0
229 5 5 0 0 0
232 73 0 0 0 0
233 73 0 0 0 0
234 73 0 0 0 0
235 73 0 0 0 0
236 73 0 0 0 0
237 73 0 0 0 0
238 73 0 0 0 0
239 73 0 0 0 0
240 73 73 9 0 0
244 5 0 0 0 0
245 5 0 0 0 0
246 5 0 0 0 0
247 5 0 0 0 0
248 5 0 0 0 0
249 5 0 0 0 0
251 5 0 0 0 0
fn=memcpy
72 343 0 0 0 0
77 343 0 0 0 0
78 343 0 0 0 0
79 343 0 0 0 0
80 343 343 24 0 0
81 340 0 0 0 0
82 340 340 48 0 0
85 205 0 0 0 0
86 205 205 48 0 0
87 81 0 0 0 0
88 81 0 0 0 0
89 81 0 0 0 0
90 81 0 0 0 0
91 81 0 0 0 0
95 124 124 3 0 0
96 83 0 0 0 0
97 83 0 0 0 0
98 83 0 0 0 0
99 83 0 0 0 0
100 83 0 0 0 0
104 41 41 3 0 0
113 41 41 2 0 0
114 1 0 0 0 0
115 1 0 0 0 0
116 1 0 0 0 0
117 1 0 0 0 0
118 1 0 0 0 0
119 1 0 0 0 0
120 1 0 0 0 0
122 41 0 0 0 0
127 135 0 0 0 0
128 135 0 0 0 0
129 135 0 0 0 0
130 135 135 6 0 0
131 129 0 0 0 0
132 129 0 0 0 0
133 129 0 0 0 0
138 6 0 0 0 0
139 6 0 0 0 0
140 6 6 4 0 0
141 2 0 0 0 0
142 2 0 0 0 0
144 6 0 0 0 0
145 6 0 0 0 0
146 6 0 0 0 0
147 6 0 0 0 0
155 3 0 0 0 0
156 3 0 0 0 0
157 3 0 0 0 0
158 3 0 0 0 0
159 3 0 0 0 0
160 3 0 0 0 0
161 3 0 0 0 0
162 3 0 0 0 0
163 3 0 0 0 0
164 3 3 1 0 0
166 9 0 0 0 0
167 9 0 0 0 0
168 9 0 0 0 0
169 9 0 0 0 0
170 9 0 0 0 0
171 9 0 0 0 0
172 9 0 0 0 0
173 9 9 6 0 0
177 3 0 0 0 0
178 3 0 0 0 0
179 3 0 0 0 0
180 3 0 0 0 0
181 3 0 0 0 0
182 3 0 0 0 0
183 3 0 0 0 0
fl=./string/../sysdeps/aarch64/multiarch/../memset.S
fn=__memset_zva64
41 36842 0 0 0 0
45 36842 0 0 0 0
46 36842 0 0 0 0
47 36842 36842 1192 0 0
49 35627 0 0 0 0
50 35627 0 0 0 0
51 35627 35627 5697 0 0
54 26667 0 0 0 0
55 26667 0 0 0 0
56 26667 0 0 0 0
57 26667 0 0 0 0
58 26667 0 0 0 0
59 26667 0 0 0 0
60 26667 0 0 0 0
61 26667 0 0 0 0
66 1215 0 0 0 0
67 1215 0 0 0 0
68 1215 1215 60 0 0
69 1183 0 0 0 0
70 1183 0 0 0 0
71 1183 0 0 0 0
72 1183 0 0 0 0
73 1183 0 0 0 0
74 1183 0 0 0 0
75 1183 0 0 0 0
78 32 32 2 0 0
79 31 0 0 0 0
80 31 0 0 0 0
81 31 0 0 0 0
82 31 0 0 0 0
83 32 0 0 0 0
87 8960 0 0 0 0
88 8960 0 0 0 0
89 8960 8960 1842 0 0
90 6716 0 0 0 0
91 6716 0 0 0 0
92 6716 0 0 0 0
93 6716 0 0 0 0
94 6716 0 0 0 0
98 2244 0 0 0 0
99 2244 0 0 0 0
100 2244 0 0 0 0
101 2244 2244 7 0 0
108 2244 0 0 0 0
109 2244 0 0 0 0
110 2244 0 0 0 0
111 2244 0 0 0 0
114 2244 0 0 0 0
115 6732 0 0 0 0
119 9202 0 0 0 0
120 9202 0 0 0 0
121 9202 0 0 0 0
122 9202 9202 1912 0 0
123 2244 0 0 0 0
fl=./string/../sysdeps/aarch64/multiarch/../strlen.S
fn=__GI_strlen
51 316 0 0 0 0
53 316 0 0 0 0
54 316 0 0 0 0
55 316 0 0 0 0
56 316 0 0 0 0
57 316 0 0 0 0
58 316 0 0 0 0
59 316 0 0 0 0
60 316 316 52 0 0
62 59 0 0 0 0
63 59 0 0 0 0
64 59 0 0 0 0
65 59 0 0 0 0
68 257 0 0 0 0
69 257 0 0 0 0
70 257 0 0 0 0
71 257 0 0 0 0
72 257 257 13 0 0
73 68 0 0 0 0
75 68 0 0 0 0
77 68 0 0 0 0
78 68 0 0 0 0
79 68 0 0 0 0
80 68 0 0 0 0
84 503 0 0 0 0
85 503 0 0 0 0
86 503 0 0 0 0
87 503 0 0 0 0
88 503 503 28 0 0
89 463 0 0 0 0
90 463 0 0 0 0
91 463 0 0 0 0
92 463 0 0 0 0
93 463 463 4 0 0
94 149 0 0 0 0
96 189 0 0 0 0
98 189 0 0 0 0
99 189 0 0 0 0
101 189 0 0 0 0
102 189 0 0 0 0
103 189 0 0 0 0
104 189 0 0 0 0
fn=strlen
51 187 0 0 0 0
53 187 0 0 0 0
54 187 0 0 0 0
55 187 0 0 0 0
56 187 0 0 0 0
57 187 0 0 0 0
58 187 0 0 0 0
59 187 0 0 0 0
60 187 187 31 0 0
62 17 0 0 0 0
63 17 0 0 0 0
64 17 0 0 0 0
65 17 0 0 0 0
68 170 0 0 0 0
69 170 0 0 0 0
70 170 0 0 0 0
71 170 0 0 0 0
72 170 170 18 0 0
73 55 0 0 0 0
75 55 0 0 0 0
77 55 0 0 0 0
78 55 0 0 0 0
79 55 0 0 0 0
80 55 0 0 0 0
84 115 0 0 0 0
85 115 0 0 0 0
86 115 0 0 0 0
87 115 0 0 0 0
88 115 115 22 0 0
89 13 0 0 0 0
90 13 0 0 0 0
91 13 0 0 0 0
92 13 0 0 0 0
93 13 13 0 0 0
94 13 0 0 0 0
96 115 0 0 0 0
98 115 0 0 0 0
99 115 0 0 0 0
101 115 0 0 0 0
102 115 0 0 0 0
103 115 0 0 0 0
104 115 0 0 0 0
fl=./string/../sysdeps/aarch64/multiarch/memchr.c
fn=memchr
34 180 12 3 0 0
fl=./string/../sysdeps/aarch64/multiarch/memcpy.c
fn=memcpy
41 57 0 0 0 0
43 38 19 0 0 0
46 38 19 0 0 0
48 19 0 0 0 0
53 38 19 0 0 0
56 38 0 0 0 0
59 133 0 0 0 0
fl=./string/../sysdeps/aarch64/multiarch/memmove.c
fn=memmove
39 36 0 0 0 0
41 36 18 0 0 0
44 36 18 0 0 0
48 36 0 0 0 0
54 126 0 0 0 0
fl=./string/../sysdeps/aarch64/multiarch/memset.c
fn=memset
44 68 0 0 0 0
46 34 17 2 0 0
49 34 17 2 0 0
51 17 0 0 0 0
58 34 17 0 0 0
61 34 17 0 0 0
64 68 17 0 0 0
70 102 0 0 0 0
73 119 0 0 0 0
fl=./string/../sysdeps/aarch64/multiarch/strlen.c
fn=strlen
34 336 0 0 0 0
fl=./string/../sysdeps/aarch64/multiarch/strlen_asimd.S
fn=__strlen_asimd
89 27376 0 0 0 0
91 27376 0 0 0 0
92 27376 0 0 0 0
93 27376 27376 104 0 0
96 27369 0 0 0 0
97 27369 0 0 0 0
107 27369 0 0 0 0
108 27369 0 0 0 0
109 27369 0 0 0 0
110 27369 0 0 0 0
111 27369 0 0 0 0
112 27369 0 0 0 0
113 27369 0 0 0 0
114 27369 27369 2438 0 0
118 16657 0 0 0 0
119 16657 0 0 0 0
120 16657 0 0 0 0
121 16657 0 0 0 0
122 16657 0 0 0 0
123 16657 0 0 0 0
124 16657 0 0 0 0
128 10712 0 0 0 0
133 10712 0 0 0 0
134 10712 0 0 0 0
135 10712 0 0 0 0
136 10712 0 0 0 0
137 10712 0 0 0 0
138 10712 0 0 0 0
139 10712 0 0 0 0
140 10712 10712 1207 0 0
144 3329 0 0 0 0
145 3329 0 0 0 0
146 3329 0 0 0 0
147 3329 0 0 0 0
148 3329 0 0 0 0
149 3329 0 0 0 0
150 3329 0 0 0 0
151 3329 0 0 0 0
155 7383 0 0 0 0
159 14337 0 0 0 0
160 14337 0 0 0 0
161 14337 0 0 0 0
162 14337 0 0 0 0
163 14337 0 0 0 0
164 14337 14337 788 0 0
167 7388 0 0 0 0
168 7388 0 0 0 0
169 7388 7388 404 0 0
170 2756 0 0 0 0
171 2756 0 0 0 0
174 7388 0 0 0 0
175 7388 0 0 0 0
177 7388 0 0 0 0
179 7388 0 0 0 0
180 7388 0 0 0 0
181 7388 0 0 0 0
184 7 0 0 0 0
185 7 0 0 0 0
186 7 0 0 0 0
187 7 0 0 0 0
188 7 0 0 0 0
189 7 0 0 0 0
190 7 0 0 0 0
191 7 0 0 0 0
192 7 0 0 0 0
193 7 0 0 0 0
194 7 0 0 0 0
195 7 0 0 0 0
196 7 0 0 0 0
197 7 0 0 0 0
198 7 7 5 0 0
200 2 0 0 0 0
201 2 0 0 0 0
202 2 0 0 0 0
203 2 0 0 0 0
fl=./string/../sysdeps/aarch64/nptl/../memset.S
fn=__GI_memset
41 628 0 0 0 0
45 628 0 0 0 0
46 628 0 0 0 0
47 628 628 0 0 0
49 628 0 0 0 0
50 628 0 0 0 0
51 628 628 3 0 0
54 11 0 0 0 0
55 11 0 0 0 0
56 11 0 0 0 0
57 11 0 0 0 0
58 11 0 0 0 0
59 11 0 0 0 0
60 11 0 0 0 0
61 11 0 0 0 0
87 617 0 0 0 0
88 617 0 0 0 0
89 617 617 5 0 0
90 1 0 0 0 0
91 1 0 0 0 0
92 1 0 0 0 0
93 1 0 0 0 0
94 1 0 0 0 0
98 616 0 0 0 0
99 616 0 0 0 0
100 616 0 0 0 0
101 616 616 0 0 0
103 616 0 0 0 0
104 616 0 0 0 0
105 616 0 0 0 0
106 616 616 0 0 0
108 616 0 0 0 0
109 616 0 0 0 0
110 616 0 0 0 0
111 616 0 0 0 0
114 616 0 0 0 0
115 1848 0 0 0 0
119 1127 0 0 0 0
120 1127 0 0 0 0
121 1127 0 0 0 0
122 1127 1127 174 0 0
123 616 0 0 0 0
fn=memset
41 50 0 0 0 0
45 50 0 0 0 0
46 50 0 0 0 0
47 50 50 25 0 0
49 32 0 0 0 0
50 32 0 0 0 0
51 32 32 18 0 0
54 8 0 0 0 0
55 8 0 0 0 0
56 8 0 0 0 0
57 8 0 0 0 0
58 8 0 0 0 0
59 8 0 0 0 0
60 8 0 0 0 0
61 8 0 0 0 0
66 18 0 0 0 0
67 18 0 0 0 0
68 18 18 0 0 0
69 18 0 0 0 0
70 18 0 0 0 0
71 18 0 0 0 0
72 18 0 0 0 0
73 18 0 0 0 0
74 18 0 0 0 0
75 18 0 0 0 0
87 24 0 0 0 0
88 24 0 0 0 0
89 24 24 8 0 0
90 3 0 0 0 0
91 3 0 0 0 0
92 3 0 0 0 0
93 3 0 0 0 0
94 3 0 0 0 0
98 21 0 0 0 0
99 21 0 0 0 0
100 21 0 0 0 0
101 21 21 0 0 0
103 21 0 0 0 0
104 21 0 0 0 0
105 21 0 0 0 0
106 21 21 0 0 0
108 21 0 0 0 0
109 21 0 0 0 0
110 21 0 0 0 0
111 21 0 0 0 0
114 21 0 0 0 0
115 63 0 0 0 0
119 385 0 0 0 0
120 385 0 0 0 0
121 385 0 0 0 0
122 385 385 41 0 0
123 21 0 0 0 0
fl=./string/../sysdeps/aarch64/strchr.S
fn=index
54 1747 0 0 0 0
56 1747 0 0 0 0
57 1747 0 0 0 0
58 1747 0 0 0 0
59 1747 0 0 0 0
60 1747 0 0 0 0
61 1747 0 0 0 0
62 1747 0 0 0 0
63 1747 0 0 0 0
64 1747 0 0 0 0
65 1747 0 0 0 0
66 1747 0 0 0 0
67 1747 1747 286 0 0
69 972 0 0 0 0
70 972 0 0 0 0
73 972 0 0 0 0
74 972 0 0 0 0
75 972 0 0 0 0
76 972 0 0 0 0
80 777 0 0 0 0
81 777 0 0 0 0
82 777 0 0 0 0
83 777 0 0 0 0
84 777 0 0 0 0
85 777 777 122 0 0
86 95 0 0 0 0
87 95 0 0 0 0
88 95 0 0 0 0
89 95 0 0 0 0
90 95 0 0 0 0
91 95 95 8 0 0
92 93 0 0 0 0
100 775 0 0 0 0
101 775 0 0 0 0
102 775 0 0 0 0
103 775 0 0 0 0
105 775 0 0 0 0
106 775 0 0 0 0
108 775 0 0 0 0
109 775 0 0 0 0
110 775 0 0 0 0
111 775 0 0 0 0
fl=./string/../sysdeps/aarch64/strchrnul.S
fn=strchrnul
53 34 0 0 0 0
55 34 0 0 0 0
56 34 0 0 0 0
57 34 0 0 0 0
58 34 0 0 0 0
59 34 0 0 0 0
60 34 0 0 0 0
61 34 0 0 0 0
62 34 0 0 0 0
63 34 0 0 0 0
64 34 34 9 0 0
66 16 0 0 0 0
67 16 0 0 0 0
68 16 0 0 0 0
69 16 0 0 0 0
73 18 0 0 0 0
74 18 0 0 0 0
75 18 0 0 0 0
76 18 0 0 0 0
77 18 0 0 0 0
78 18 18 4 0 0
87 18 0 0 0 0
88 18 0 0 0 0
89 18 0 0 0 0
91 18 0 0 0 0
93 18 0 0 0 0
94 18 0 0 0 0
95 18 0 0 0 0
fl=./string/../sysdeps/aarch64/strcmp.S
fn=strcmp
64 36253 0 0 0 0
67 36253 0 0 0 0
68 36253 0 0 0 0
69 36253 0 0 0 0
70 36253 0 0 0 0
71 36253 36253 1683 0 0
72 42558 22167 488 0 0
77 27950 0 0 0 0
78 27950 0 0 0 0
85 29726 0 0 0 0
86 29726 0 0 0 0
88 29726 0 0 0 0
89 29726 0 0 0 0
90 29726 29726 3883 0 0
94 22167 0 0 0 0
95 22167 0 0 0 0
98 30310 0 0 0 0
99 30310 0 0 0 0
100 30310 0 0 0 0
102 30310 0 0 0 0
107 30310 0 0 0 0
108 30310 0 0 0 0
111 30310 0 0 0 0
112 30310 0 0 0 0
113 30310 0 0 0 0
121 1776 0 0 0 0
122 1776 0 0 0 0
123 1776 0 0 0 0
124 1776 0 0 0 0
125 1776 0 0 0 0
126 1776 0 0 0 0
127 1776 0 0 0 0
128 1776 0 0 0 0
129 1776 0 0 0 0
134 14086 14086 665 0 0
136 40202 0 0 0 0
137 40202 0 0 0 0
138 40202 0 0 0 0
139 40202 0 0 0 0
140 40202 40202 1775 0 0
141 34259 0 0 0 0
142 34259 34259 6672 0 0
145 8143 0 0 0 0
146 8143 0 0 0 0
147 8143 0 0 0 0
151 8143 0 0 0 0
152 8143 0 0 0 0
153 8143 0 0 0 0
154 8143 0 0 0 0
155 8143 0 0 0 0
156 8143 8143 1348 0 0
158 13480 0 0 0 0
163 9294 0 0 0 0
164 9294 0 0 0 0
168 9294 0 0 0 0
169 9294 0 0 0 0
170 9294 0 0 0 0
171 9294 0 0 0 0
172 9294 0 0 0 0
173 9294 9294 2285 0 0
175 6740 0 0 0 0
179 6740 0 0 0 0
180 6740 0 0 0 0
181 6740 6740 1577 0 0
183 3073 0 0 0 0
184 3073 0 0 0 0
185 3073 0 0 0 0
186 3073 0 0 0 0
191 3073 0 0 0 0
192 3073 0 0 0 0
193 3073 0 0 0 0
196 5943 0 0 0 0
197 5943 0 0 0 0
fl=./string/../sysdeps/aarch64/strcpy.S
fn=stpcpy
71 8 0 0 0 0
74 8 0 0 0 0
75 8 0 0 0 0
76 8 0 0 0 0
77 8 0 0 0 0
78 8 0 0 0 0
79 8 0 0 0 0
80 8 0 0 0 0
81 8 8 2 0 0
105 8 0 0 0 0
106 8 0 0 0 0
107 8 0 0 0 0
109 8 8 0 0 0
110 8 0 0 0 0
111 8 0 0 0 0
112 8 0 0 0 0
113 8 0 0 0 0
114 8 0 0 0 0
115 8 0 0 0 0
116 8 0 0 0 0
fn=strcpy
71 3191 0 0 0 0
74 3191 0 0 0 0
75 3191 0 0 0 0
76 3191 0 0 0 0
77 3191 0 0 0 0
78 3191 0 0 0 0
79 3191 0 0 0 0
80 3191 0 0 0 0
81 3191 3191 751 0 0
83 2392 0 0 0 0
84 2392 0 0 0 0
85 2392 0 0 0 0
86 2392 0 0 0 0
87 2392 2392 105 0 0
90 2213 0 0 0 0
92 2213 0 0 0 0
93 2213 0 0 0 0
94 2213 0 0 0 0
95 2213 2213 548 0 0
96 1616 0 0 0 0
97 1616 0 0 0 0
98 1616 0 0 0 0
99 1616 0 0 0 0
100 1616 0 0 0 0
102 1616 0 0 0 0
105 799 0 0 0 0
106 799 0 0 0 0
107 799 0 0 0 0
109 1396 1396 144 0 0
110 1166 0 0 0 0
111 1166 0 0 0 0
112 1166 0 0 0 0
113 1166 0 0 0 0
114 1166 0 0 0 0
116 1166 0 0 0 0
120 230 0 0 0 0
121 230 230 72 0 0
122 169 0 0 0 0
123 169 0 0 0 0
124 169 0 0 0 0
125 169 0 0 0 0
127 169 0 0 0 0
130 61 61 2 0 0
131 61 0 0 0 0
132 61 0 0 0 0
134 61 0 0 0 0
136 61 0 0 0 0
140 179 0 0 0 0
141 179 0 0 0 0
142 179 0 0 0 0
143 179 0 0 0 0
145 210 0 0 0 0
146 210 0 0 0 0
147 210 0 0 0 0
148 210 0 0 0 0
149 210 0 0 0 0
150 210 210 34 0 0
151 68 0 0 0 0
152 68 0 0 0 0
153 68 0 0 0 0
154 68 0 0 0 0
155 68 0 0 0 0
156 68 68 13 0 0
157 37 0 0 0 0
159 179 0 0 0 0
160 179 0 0 0 0
161 179 0 0 0 0
163 179 0 0 0 0
165 179 0 0 0 0
166 179 0 0 0 0
167 179 0 0 0 0
168 179 0 0 0 0
169 179 0 0 0 0
171 179 0 0 0 0
fl=./string/../sysdeps/aarch64/strncmp.S
fn=strncmp
72 12715 0 0 0 0
73 12715 12714 66 0 0
74 12715 0 0 0 0
75 12715 0 0 0 0
76 12715 0 0 0 0
77 12715 0 0 0 0
78 12715 12715 110 0 0
79 8527 8527 17 0 0
86 9006 0 0 0 0
87 9006 0 0 0 0
89 9006 0 0 0 0
90 9006 0 0 0 0
91 9006 0 0 0 0
92 9006 0 0 0 0
93 9006 0 0 0 0
94 9006 0 0 0 0
95 9006 0 0 0 0
96 9006 9006 247 0 0
101 8778 0 0 0 0
102 8778 0 0 0 0
106 9058 0 0 0 0
107 9058 0 0 0 0
108 9058 0 0 0 0
109 9058 0 0 0 0
110 9058 0 0 0 0
111 9058 0 0 0 0
112 9058 0 0 0 0
115 9058 0 0 0 0
116 9058 0 0 0 0
117 9058 0 0 0 0
118 9058 0 0 0 0
192 4188 0 0 0 0
193 4188 4188 42 0 0
197 5461 0 0 0 0
198 5461 0 0 0 0
199 5461 0 0 0 0
200 5461 0 0 0 0
201 5461 0 0 0 0
202 5461 5461 954 0 0
204 3657 0 0 0 0
205 3657 0 0 0 0
209 2308 2308 2 0 0
211 2283 0 0 0 0
212 2283 0 0 0 0
213 2283 0 0 0 0
216 3103 0 0 0 0
217 3103 0 0 0 0
218 3103 0 0 0 0
219 3103 0 0 0 0
220 3103 3103 419 0 0
221 1326 0 0 0 0
222 1326 1326 116 0 0
241 531 0 0 0 0
242 531 0 0 0 0
243 531 0 0 0 0
244 531 0 0 0 0
245 531 0 0 0 0
246 531 0 0 0 0
247 531 0 0 0 0
248 531 0 0 0 0
250 531 531 208 0 0
254 300 0 0 0 0
255 300 0 0 0 0
256 300 0 0 0 0
257 300 0 0 0 0
258 300 0 0 0 0
259 300 0 0 0 0
260 300 0 0 0 0
261 300 0 0 0 0
262 300 0 0 0 0
263 300 0 0 0 0
264 300 300 63 0 0
266 49 0 0 0 0
269 344 0 0 0 0
279 344 0 0 0 0
280 344 0 0 0 0
281 344 0 0 0 0
282 344 0 0 0 0
286 344 0 0 0 0
287 344 0 0 0 0
288 344 0 0 0 0
289 344 0 0 0 0
290 344 344 66 0 0
293 92 0 0 0 0
294 92 0 0 0 0
295 92 0 0 0 0
296 92 0 0 0 0
297 92 0 0 0 0
298 92 0 0 0 0
299 92 0 0 0 0
300 92 92 33 0 0
302 64 0 0 0 0
303 64 0 0 0 0
304 64 0 0 0 0
fl=./string/../sysdeps/aarch64/strnlen.S
fn=strnlen
51 10 0 0 0 0
54 10 0 0 0 0
55 10 10 0 0 0
56 10 0 0 0 0
57 10 0 0 0 0
58 10 0 0 0 0
59 10 0 0 0 0
60 10 0 0 0 0
61 10 0 0 0 0
62 10 10 3 0 0
76 10 0 0 0 0
77 10 0 0 0 0
78 10 0 0 0 0
79 10 10 0 0 0
82 10 10 4 0 0
92 10 0 0 0 0
93 10 0 0 0 0
94 10 0 0 0 0
95 10 0 0 0 0
96 10 0 0 0 0
97 10 0 0 0 0
98 10 10 0 0 0
100 10 0 0 0 0
102 10 0 0 0 0
103 10 0 0 0 0
104 10 0 0 0 0
106 10 0 0 0 0
108 10 0 0 0 0
109 10 0 0 0 0
110 10 0 0 0 0
111 10 0 0 0 0
112 10 0 0 0 0
fl=./string/../sysdeps/aarch64/strrchr.S
fn=rindex
57 4 0 0 0 0
59 4 0 0 0 0
60 4 0 0 0 0
61 4 0 0 0 0
62 4 0 0 0 0
63 4 0 0 0 0
64 4 0 0 0 0
65 4 0 0 0 0
66 4 0 0 0 0
67 4 0 0 0 0
68 4 0 0 0 0
69 4 0 0 0 0
70 4 0 0 0 0
71 4 0 0 0 0
72 4 4 3 0 0
106 4 0 0 0 0
107 4 0 0 0 0
108 4 0 0 0 0
109 4 0 0 0 0
110 4 0 0 0 0
111 4 0 0 0 0
112 4 0 0 0 0
113 4 0 0 0 0
fl=./string/./string/strcspn.c
fn=strcspn
32 5 0 0 0 0
33 2 1 0 0 0
34 2 1 0 0 0
39 5 0 0 0 0
40 4 0 0 0 0
41 4 0 0 0 0
42 4 0 0 0 0
47 7 0 0 0 0
48 3 3 2 0 0
51 4 1 0 0 0
52 4 1 0 0 0
53 4 1 0 0 0
54 4 1 0 0 0
56 2 0 0 0 0
62 26 0 0 0 0
63 13 0 0 0 0
64 26 0 0 0 0
65 13 0 0 0 0
67 91 13 10 0 0
69 1 0 0 0 0
70 6 0 0 0 0
71 4 0 0 0 0
fl=./string/./string/strdup.c
fn=strdup
40 190 0 0 0 0
41 76 0 0 0 0
44 38 38 0 0 0
47 114 0 0 0 0
48 114 0 0 0 0
fl=./string/./string/strerror.c
fn=strerror
23 24 0 0 0 0
24 40 0 0 0 0
25 16 0 0 0 0
fl=./string/./string/strerror_l.c
fn=strerror_l
28 24 0 0 0 0
29 48 0 0 0 0
30 16 0 0 0 0
44 64 0 0 0 0
45 32 0 0 0 0
46 8 0 0 0 0
47 8 8 0 0 0
70 8 0 0 0 0
72 8 0 0 0 0
74 56 0 0 0 0
fl=./string/./string/strncpy.c
fn=strncpy
28 80 0 0 0 0
29 40 0 0 0 0
30 20 10 0 0 0
31 40 0 0 0 0
32 40 0 0 0 0
33 40 0 0 0 0
fl=./string/./string/strstr.c
fn=strstr
45 12 0 0 0 0
77 42 0 0 0 0
82 6 3 0 0 0
84 9 0 0 0 0
85 3 3 3 0 0
161 45 3 2 0 0
fl=./string/./string/strverscmp.c
fn=strverscmp
43 6 0 0 0 0
68 4 2 0 0 0
71 4 0 0 0 0
72 2 0 0 0 0
74 10 0 0 0 0
77 14 6 4 0 0
79 4 4 0 0 0
82 6 0 0 0 0
83 4 0 0 0 0
84 4 0 0 0 0
85 24 0 0 0 0
88 21 0 0 0 0
90 8 3 1 0 0
93 2 0 0 0 0
96 4 1 0 0 0
97 3 0 0 0 0
100 2 0 0 0 0
105 6 0 0 0 0
fl=./termios/../string/bits/string_fortified.h
fn=tcgetattr
59 36 0 0 0 0
fl=./termios/../sysdeps/unix/sysv/linux/tcgetattr.c
fn=tcgetattr
34 120 0 0 0 0
38 84 12 3 0 0
40 12 12 0 0 0
42 24 0 0 0 0
46 24 0 0 0 0
51 48 0 0 0 0
63 72 0 0 0 0
77 132 12 2 0 0
fl=./time/../sysdeps/unix/sysv/linux/clock_gettime.c
fn=clock_gettime@@GLIBC_2.17
30 15 0 0 0 0
38 45 0 0 0 0
40 15 15 7 0 0
44 30 0 0 0 0
68 45 0 0 0 0
69 15 15 0 0 0
fl=./time/../sysdeps/unix/sysv/linux/gettimeofday.c
fn=gettimeofday
41 112 0 0 0 0
fl=./time/../sysdeps/unix/sysv/linux/time.c
fn=time
57 143 0 0 0 0
59 39 0 0 0 0
61 13 13 4 0 0
62 13 0 0 0 0
64 156 13 0 0 0
fl=???
fn=???
0 33493398 4099207 255642 491119 48686
fn=ASIdentifiers_free
0 1848 0 0 0 0
fn=ASIdentifiers_it
0 1386 0 0 0 0
fn=ASN1_ANY_it
0 26400 0 0 0 0
fn=ASN1_BIT_STRING_free
0 924 0 0 0 0
fn=ASN1_BIT_STRING_it
0 19404 0 0 0 0
fn=ASN1_BIT_STRING_new
0 3234 0 0 0 0
fn=ASN1_FBOOLEAN_it
0 16407 0 0 0 0
fn=ASN1_INTEGER_it
0 6930 0 0 0 0
fn=ASN1_INTEGER_new
0 1078 0 0 0 0
fn=ASN1_OBJECT_free
0 82496 16420 347 0 0
fn=ASN1_OBJECT_it
0 105498 0 0 0 0
fn=ASN1_OBJECT_new
0 198 11 9 0 0
fn=ASN1_OCTET_STRING_free
0 1848 0 0 0 0
fn=ASN1_OCTET_STRING_it
0 9522 0 0 0 0
fn=ASN1_PRINTABLE_it
0 79344 0 0 0 0
fn=ASN1_STRING_free
0 4774 462 4 0 0
fn=ASN1_STRING_set
0 112317 12685 501 0 0
fn=ASN1_STRING_set0
0 42950 0 0 0 0
fn=ASN1_STRING_to_UTF8
0 58406 5510 41 0 0
fn=ASN1_STRING_type_new
0 62560 3128 0 0 0
fn=ASN1_TIME_it
0 4928 0 0 0 0
fn=ASN1_TYPE_new
0 4774 0 0 0 0
fn=ASN1_TYPE_set
0 19096 2046 4 0 0
fn=ASN1_add_oid_module
0 12 0 0 0 0
fn=ASN1_add_stable_module
0 12 0 0 0 0
fn=ASN1_get_object
0 732777 82173 3131 0 0
fn=ASN1_item_d2i
0 3344 0 0 0 0
fn=ASN1_item_d2i_ex
0 28600 1562 116 0 0
fn=ASN1_item_ex_d2i
0 20944 1232 154 0 0
fn=ASN1_item_ex_i2d
0 936700 132240 11484 0 0
fn=ASN1_item_ex_new
0 18828 0 0 0 0
fn=ASN1_item_free
0 51180 0 0 0 0
fn=ASN1_item_new
0 66944 2092 2 0 0
fn=ASN1_item_new_ex
0 5698 154 0 0 0
fn=ASN1_mbstring_copy
0 8816 0 0 0 0
fn=ASN1_mbstring_ncopy
0 242684 48404 1832 0 0
fn=ASN1_object_size
0 272194 57304 11 0 0
fn=ASN1_put_object
0 167504 13224 475 0 0
fn=ASN1_tag2bit
0 32656 2512 4 0 0
fn=AUTHORITY_KEYID_free
0 1848 0 0 0 0
fn=AUTHORITY_KEYID_it
0 1232 0 0 0 0
fn=BIGNUM_it
0 1760 0 0 0 0
fn=BIO_clear_flags
0 51036 0 0 0 0
fn=BIO_ctrl
0 66306 10794 1558 1542 2
fn=BIO_f_brotli
0 7 0 0 0 0
fn=BIO_f_zlib
0 25 1 0 0 0
fn=BIO_f_zstd
0 25 1 1 0 0
fn=BIO_free
0 58100 6800 1333 928 311
fn=BIO_get_data
0 6468 0 0 0 0
fn=BIO_get_new_index
0 28 3 2 0 0
fn=BIO_gets
0 284570 50218 1667 4185 2
fn=BIO_meth_new
0 68 4 0 0 0
fn=BIO_meth_set_create
0 22 0 0 0 0
fn=BIO_meth_set_ctrl
0 22 0 0 0 0
fn=BIO_meth_set_destroy
0 22 0 0 0 0
fn=BIO_meth_set_gets
0 22 0 0 0 0
fn=BIO_meth_set_puts
0 22 0 0 0 0
fn=BIO_meth_set_read
0 14 0 0 0 0
fn=BIO_meth_set_read_ex
0 11 0 0 0 0
fn=BIO_meth_set_write
0 14 0 0 0 0
fn=BIO_meth_set_write_ex
0 11 0 0 0 0
fn=BIO_new
0 7424 0 0 0 0
fn=BIO_new_ex
0 42688 4640 10 928 621
fn=BIO_new_file
0 78 4 0 0 0
fn=BIO_new_mem_buf
0 9240 924 77 0 0
fn=BIO_puts
0 222784 34810 866 3481 1
fn=BIO_read
0 28490 1540 180 0 0
fn=BIO_read_ex
0 8624 0 0 0 0
fn=BIO_s_file
0 16 0 0 0 0
fn=BIO_s_mem
0 3704 0 0 0 0
fn=BIO_set_data
0 2772 0 0 0 0
fn=BIO_set_init
0 5544 0 0 0 0
fn=BIO_snprintf
0 71020 1340 0 0 0
fn=BIO_up_ref
0 4928 0 0 0 0
fn=BIO_vsnprintf
0 62468 4074 2 0 0
fn=BN_CTX_end
0 53234 9557 894 0 0
fn=BN_CTX_free
0 25220 5163 921 0 0
fn=BN_CTX_get
0 140297 19789 1721 0 0
fn=BN_CTX_new_ex
0 5060 220 0 0 0
fn=BN_CTX_start
0 34254 3780 480 0 0
fn=BN_MONT_CTX_copy
0 1568 196 93 0 0
fn=BN_MONT_CTX_free
0 1559 152 44 0 0
fn=BN_MONT_CTX_new
0 2254 98 2 0 0
fn=BN_MONT_CTX_set
0 5928 663 12 0 0
fn=BN_abs_is_word
0 3075 205 41 0 0
fn=BN_add
0 1365 117 2 0 0
fn=BN_add_word
0 1716 176 80 0 0
fn=BN_bin2bn
0 5592 0 0 0 0
fn=BN_clear_free
0 33830 4664 476 0 0
fn=BN_cmp
0 12810 3673 468 0 0
fn=BN_copy
0 62231 4575 663 0 0
fn=BN_div
0 22860 2540 178 0 0
fn=BN_dup
0 120 20 5 0 0
fn=BN_free
0 19936 2492 249 0 0
fn=BN_get_flags
0 155628 0 0 0 0
fn=BN_is_bit_set
0 156429 14898 6 0 0
fn=BN_is_negative
0 3951 0 0 0 0
fn=BN_is_odd
0 33527 2579 0 0 0
fn=BN_is_one
0 2871 166 0 0 0
fn=BN_is_zero
0 60885 0 0 0 0
fn=BN_lshift
0 741 0 0 0 0
fn=BN_mod_add_quick
0 3520 176 0 0 0
fn=BN_mod_inverse
0 1638 117 2 0 0
fn=BN_mod_mul_montgomery
0 1300 0 0 0 0
fn=BN_mul
0 1482 0 0 0 0
fn=BN_new
0 26316 1462 87 0 0
fn=BN_nist_mod_384
0 74812 5933 287 0 0
fn=BN_nnmod
0 12079 1329 52 39 1
fn=BN_num_bits
0 23220 1720 497 0 0
fn=BN_num_bits_word
0 113300 0 0 0 0
fn=BN_rshift
0 46683 2457 156 0 0
fn=BN_rshift1
0 136422 9828 163 0 0
fn=BN_set_bit
0 3666 273 9 0 0
fn=BN_set_negative
0 660 0 0 0 0
fn=BN_set_word
0 2244 132 37 0 0
fn=BN_sqr
0 2808 0 0 0 0
fn=BN_sub
0 1482 117 3 0 0
fn=BN_sub_word
0 1677 234 42 0 0
fn=BN_to_montgomery
0 315 0 0 0 0
fn=BN_uadd
0 230217 12324 545 0 0
fn=BN_ucmp
0 133122 10426 709 0 0
fn=BN_usub
0 126789 12948 483 0 0
fn=BN_value_one
0 744 0 0 0 0
fn=BN_zero_ex
0 29358 0 0 0 0
fn=BUF_MEM_free
0 16534 2009 1003 0 0
fn=BUF_MEM_grow
0 31053 2673 449 0 0
fn=BUF_MEM_grow_clean
0 161758 13700 2299 0 0
fn=BUF_MEM_new
0 16910 0 0 0 0
fn=BUF_MEM_new_ex
0 8652 618 1 0 0
fn=BrotliDecoderVersion
0 16 0 0 0 0
fn=COMP_get_name
0 8 1 0 0 0
fn=COMP_get_type
0 8 1 1 0 0
fn=COMP_zlib
0 25 1 1 0 0
fn=CONF_get1_default_config_file
0 43 3 1 0 0
fn=CONF_imodule_get_value
0 7 0 0 0 0
fn=CONF_module_add
0 147 0 0 0 0
fn=CONF_modules_load
0 289 34 8 1 1
fn=CONF_modules_load_file_ex
0 66 7 3 0 0
fn=CONF_parse_list
0 132 31 12 3 1
fn=CRL_DIST_POINTS_free
0 1848 0 0 0 0
fn=CRL_DIST_POINTS_it
0 1386 0 0 0 0
fn=CRYPTO_THREAD_get_local
0 85757 0 0 0 0
fn=CRYPTO_THREAD_init_local
0 84 0 0 0 0
fn=CRYPTO_THREAD_lock_free
0 2480 155 0 0 0
fn=CRYPTO_THREAD_lock_new
0 16416 1216 44 0 0
fn=CRYPTO_THREAD_read_lock
0 65527 0 0 0 0
fn=CRYPTO_THREAD_run_once
0 265068 0 0 0 0
fn=CRYPTO_THREAD_set_local
0 117 0 0 0 0
fn=CRYPTO_THREAD_unlock
0 87175 0 0 0 0
fn=CRYPTO_THREAD_write_lock
0 21648 0 0 0 0
fn=CRYPTO_aligned_alloc
0 46 3 1 0 0
fn=CRYPTO_atomic_add
0 2541 0 0 0 0
fn=CRYPTO_atomic_load
0 132451 0 0 0 0
fn=CRYPTO_atomic_or
0 63 0 0 0 0
fn=CRYPTO_atomic_store
0 4644 0 0 0 0
fn=CRYPTO_clear_free
0 65871 6950 594 0 0
fn=CRYPTO_clear_realloc
0 65410 5902 523 0 0
fn=CRYPTO_ctr128_encrypt_ctr32
0 624 48 15 8 1
fn=CRYPTO_free
0 574015 44155 5254 0 0
fn=CRYPTO_free_ex_data
0 86590 7422 9 0 0
fn=CRYPTO_get_ex_new_index
0 18 0 0 0 0
fn=CRYPTO_malloc
0 1634029 198064 5778 0 0
fn=CRYPTO_new_ex_data
0 18722 0 0 0 0
fn=CRYPTO_realloc
0 45796 6955 188 0 0
fn=CRYPTO_secure_allocated
0 75 5 2 0 0
fn=CRYPTO_secure_clear_free
0 129 11 3 0 0
fn=CRYPTO_secure_malloc
0 56 4 1 0 0
fn=CRYPTO_secure_zalloc
0 50 5 2 0 0
fn=CRYPTO_strdup
0 30296 2163 8 0 0
fn=CRYPTO_strndup
0 17632 1102 14 0 0
fn=CRYPTO_zalloc
0 627280 31364 1 0 0
fn=CTLOG_STORE_new_ex
0 32 3 1 0 0
fn=DSA_free
0 8 1 1 0 0
fn=ECDSA_size
0 1628 176 23 0 0
fn=EC_GROUP_copy
0 4224 880 91 44 44
fn=EC_GROUP_dup
0 1012 132 0 0 0
fn=EC_GROUP_free
0 2024 132 78 44 10
fn=EC_GROUP_get0_order
0 308 0 0 0 0
fn=EC_GROUP_get_asn1_flag
0 581 0 0 0 0
fn=EC_GROUP_get_curve_name
0 1232 0 0 0 0
fn=EC_GROUP_get_field_type
0 704 0 0 0 0
fn=EC_GROUP_get_point_conversion_form
0 308 0 0 0 0
fn=EC_GROUP_new_by_curve_name_ex
0 11228 2063 309 88 12
fn=EC_GROUP_order_bits
0 792 0 0 88 1
fn=EC_GROUP_set_asn1_flag
0 396 0 0 0 0
fn=EC_GROUP_set_curve_name
0 528 0 0 0 0
fn=EC_GROUP_set_generator
0 3627 819 245 0 0
fn=EC_GROUP_set_seed
0 1716 88 8 0 0
fn=EC_KEY_OpenSSL
0 352 0 0 0 0
fn=EC_KEY_free
0 1452 176 3 0 0
fn=EC_KEY_get0_group
0 1540 0 0 0 0
fn=EC_KEY_get0_private_key
0 308 0 0 0 0
fn=EC_KEY_get0_public_key
0 308 0 0 0 0
fn=EC_KEY_get_conv_form
0 308 0 0 0 0
fn=EC_KEY_get_default_method
0 352 0 0 0 0
fn=EC_KEY_get_enc_flags
0 308 0 0 0 0
fn=EC_KEY_get_flags
0 1232 0 0 0 0
fn=EC_KEY_get_method
0 308 0 0 0 0
fn=EC_KEY_new_ex
0 308 0 0 0 0
fn=EC_KEY_oct2key
0 2156 264 137 0 0
fn=EC_KEY_set_group
0 1452 132 10 0 0
fn=EC_KEY_up_ref
0 704 0 0 0 0
fn=EC_POINT_copy
0 1848 352 59 88 1
fn=EC_POINT_free
0 1672 176 0 88 44
fn=EC_POINT_is_at_infinity
0 1652 347 10 88 34
fn=EC_POINT_is_on_curve
0 1652 347 22 88 44
fn=EC_POINT_new
0 6336 704 4 176 1
fn=EC_POINT_oct2point
0 1100 308 56 0 0
fn=EC_POINT_set_Jprojective_coordinates_GFp
0 1652 347 7 0 0
fn=EC_POINT_set_affine_coordinates
0 3764 523 97 88 1
fn=ENGINE_add
0 53 8 4 0 0
fn=ENGINE_add_conf_module
0 12 0 0 0 0
fn=ENGINE_finish
0 28830 1922 219 0 0
fn=ENGINE_free
0 14 0 0 0 0
fn=ENGINE_get_cipher_engine
0 384 0 0 0 0
fn=ENGINE_get_default_EC
0 528 0 0 0 0
fn=ENGINE_get_default_RAND
0 12 0 0 0 0
fn=ENGINE_get_default_RSA
0 1320 0 0 0 0
fn=ENGINE_get_digest_engine
0 192 0 0 0 0
fn=ENGINE_get_first
0 37 4 2 0 0
fn=ENGINE_get_next
0 28 3 2 0 0
fn=ENGINE_get_pkey_asn1_meth_engine
0 4584 0 0 0 0
fn=ENGINE_get_pkey_meth_engine
0 2160 0 0 0 0
fn=ENGINE_load_builtin_engines
0 8 0 0 0 0
fn=ENGINE_new
0 43 4 2 0 0
fn=ENGINE_pkey_asn1_find_str
0 44713 3665 553 0 0
fn=ENGINE_register_DH
0 16 1 0 0 0
fn=ENGINE_register_DSA
0 16 1 1 0 0
fn=ENGINE_register_EC
0 16 1 0 0 0
fn=ENGINE_register_RAND
0 16 1 0 0 0
fn=ENGINE_register_RSA
0 16 1 0 0 0
fn=ENGINE_register_all_complete
0 23 3 1 0 0
fn=ENGINE_register_ciphers
0 30 2 1 0 0
fn=ENGINE_register_complete
0 29 0 0 0 0
fn=ENGINE_register_digests
0 30 2 0 0 0
fn=ENGINE_register_pkey_asn1_meths
0 30 2 1 0 0
fn=ENGINE_register_pkey_meths
0 30 2 1 0 0
fn=ENGINE_set_cmd_defns
0 11 0 0 0 0
fn=ENGINE_set_ctrl_function
0 11 0 0 0 0
fn=ENGINE_set_finish_function
0 11 0 0 0 0
fn=ENGINE_set_flags
0 11 0 0 0 0
fn=ENGINE_set_id
0 10 0 0 0 0
fn=ENGINE_set_init_function
0 11 0 0 0 0
fn=ENGINE_set_name
0 10 0 0 0 0
fn=ERR_clear_error
0 415 35 6 0 0
fn=ERR_clear_last_mark
0 9702 924 37 0 0
fn=ERR_get_next_error_library
0 31 3 1 0 0
fn=ERR_load_strings_const
0 560 35 0 0 0
fn=ERR_new
0 58962 4210 12 0 0
fn=ERR_peek_last_error
0 5556 0 0 0 0
fn=ERR_pop_to_mark
0 91228 7722 1554 0 0
fn=ERR_reason_error_string
0 2310 245 2 0 0
fn=ERR_set_debug
0 62127 7371 186 0 0
fn=ERR_set_error
0 56862 1053 0 0 0
fn=ERR_set_mark
0 42067 4426 137 0 0
fn=ERR_vset_error
0 58707 5319 1299 0 0
fn=EVP_CIPHER_CTX_get_iv_length
0 387 36 13 0 0
fn=EVP_CIPHER_CTX_get_key_length
0 1954 174 8 0 0
fn=EVP_CIPHER_CTX_new
0 162 9 0 0 0
fn=EVP_CIPHER_fetch
0 435 0 0 0 0
fn=EVP_CIPHER_free
0 3129 519 10 0 0
fn=EVP_CIPHER_get0_provider
0 882 0 0 0 0
fn=EVP_CIPHER_get_iv_length
0 24 3 0 0 0
fn=EVP_CIPHER_get_key_length
0 21 0 0 0 0
fn=EVP_CIPHER_get_nid
0 2392 299 0 0 0
fn=EVP_CIPHER_get_params
0 154 28 0 14 14
fn=EVP_CIPHER_get_type
0 5699 1107 134 0 0
fn=EVP_CIPHER_gettable_ctx_params
0 2394 252 4 126 18
fn=EVP_CIPHER_up_ref
0 2704 169 9 0 0
fn=EVP_CipherInit_ex
0 441 0 0 0 0
fn=EVP_CipherUpdate
0 744 93 11 0 0
fn=EVP_DecodeFinal
0 2002 154 141 0 0
fn=EVP_DecodeInit
0 1386 0 0 0 0
fn=EVP_DecodeUpdate
0 4690504 1996677 8093 0 0
fn=EVP_ENCODE_CTX_free
0 1395 0 0 0 0
fn=EVP_ENCODE_CTX_new
0 1540 0 0 0 0
fn=EVP_EncryptUpdate
0 5766 744 23 93 17
fn=EVP_KEYEXCH_fetch
0 30 0 0 0 0
fn=EVP_KEYEXCH_free
0 207 27 1 0 0
fn=EVP_KEYEXCH_up_ref
0 154 0 0 0 0
fn=EVP_KEYMGMT_do_all_provided
0 30 0 0 0 0
fn=EVP_KEYMGMT_fetch
0 1185 0 0 0 0
fn=EVP_KEYMGMT_free
0 10327 1347 292 0 0
fn=EVP_KEYMGMT_get0_provider
0 1449 0 0 0 0
fn=EVP_KEYMGMT_is_a
0 3080 154 0 0 0
fn=EVP_KEYMGMT_names_do_all
0 2064 172 18 0 0
fn=EVP_KEYMGMT_up_ref
0 8610 0 0 0 0
fn=EVP_MD_fetch
0 240 0 0 0 0
fn=EVP_MD_free
0 648 108 2 0 0
fn=EVP_MD_get_size
0 56 7 0 0 0
fn=EVP_MD_get_type
0 553 0 0 0 0
fn=EVP_MD_up_ref
0 688 43 10 0 0
fn=EVP_PKEY_CTX_free
0 1118 52 2 0 0
fn=EVP_PKEY_CTX_new_from_pkey
0 260 0 0 0 0
fn=EVP_PKEY_asn1_find
0 10660 1510 123 0 0
fn=EVP_PKEY_asn1_find_str
0 159273 31711 5061 0 0
fn=EVP_PKEY_asn1_get0
0 166304 20788 465 0 0
fn=EVP_PKEY_asn1_get0_info
0 405 90 11 0 0
fn=EVP_PKEY_asn1_get_count
0 6606 734 3 0 0
fn=EVP_PKEY_assign
0 9042 1452 512 0 0
fn=EVP_PKEY_free
0 12857 1339 343 0 0
fn=EVP_PKEY_get1_EC_KEY
0 704 88 15 0 0
fn=EVP_PKEY_get1_RSA
0 1650 110 0 0 0
fn=EVP_PKEY_get_base_id
0 308 0 0 0 0
fn=EVP_PKEY_get_id
0 308 0 0 0 0
fn=EVP_PKEY_new
0 11124 927 289 0 0
fn=EVP_PKEY_set_type
0 3674 0 0 0 0
fn=EVP_PKEY_set_type_by_keymgmt
0 8470 616 83 0 0
fn=EVP_PKEY_type
0 7938 442 4 0 0
fn=EVP_PKEY_up_ref
0 2880 0 0 0 0
fn=EVP_RAND_CTX_new
0 206 23 6 4 2
fn=EVP_RAND_CTX_settable_params
0 54 3 3 3 1
fn=EVP_RAND_CTX_up_ref
0 42 0 0 0 0
fn=EVP_RAND_enable_locking
0 7 1 0 1 1
fn=EVP_RAND_fetch
0 60 0 0 0 0
fn=EVP_RAND_free
0 92 12 5 0 0
fn=EVP_RAND_generate
0 204 12 2 8 2
fn=EVP_RAND_get0_provider
0 21 0 0 0 0
fn=EVP_RAND_instantiate
0 204 12 3 12 8
fn=EVP_RAND_up_ref
0 60 4 3 0 0
fn=EVP_SIGNATURE_fetch
0 30 0 0 0 0
fn=EVP_SIGNATURE_free
0 1058 138 0 0 0
fn=EVP_SIGNATURE_up_ref
0 672 0 0 0 0
fn=EVP_add_alg_module
0 11 0 0 0 0
fn=EVP_add_cipher
0 2804 268 7 0 0
fn=EVP_add_digest
0 726 94 10 0 0
fn=EVP_aes_128_cbc
0 8 0 0 0 0
fn=EVP_aes_128_cbc_hmac_sha1
0 7 0 0 0 0
fn=EVP_aes_128_cbc_hmac_sha256
0 7 0 0 0 0
fn=EVP_aes_128_ccm
0 9 0 0 0 0
fn=EVP_aes_128_cfb1
0 9 0 0 0 0
fn=EVP_aes_128_cfb128
0 9 0 0 0 0
fn=EVP_aes_128_cfb8
0 9 0 0 0 0
fn=EVP_aes_128_ctr
0 9 0 0 0 0
fn=EVP_aes_128_ecb
0 9 0 0 0 0
fn=EVP_aes_128_gcm
0 9 0 0 0 0
fn=EVP_aes_128_ocb
0 9 0 0 0 0
fn=EVP_aes_128_ofb
0 9 0 0 0 0
fn=EVP_aes_128_wrap
0 9 0 0 0 0
fn=EVP_aes_128_wrap_pad
0 9 0 0 0 0
fn=EVP_aes_128_xts
0 9 0 0 0 0
fn=EVP_aes_192_cbc
0 9 0 0 0 0
fn=EVP_aes_192_ccm
0 9 0 0 0 0
fn=EVP_aes_192_cfb1
0 9 0 0 0 0
fn=EVP_aes_192_cfb128
0 9 0 0 0 0
fn=EVP_aes_192_cfb8
0 9 0 0 0 0
fn=EVP_aes_192_ctr
0 9 0 0 0 0
fn=EVP_aes_192_ecb
0 9 0 0 0 0
fn=EVP_aes_192_gcm
0 9 0 0 0 0
fn=EVP_aes_192_ocb
0 9 0 0 0 0
fn=EVP_aes_192_ofb
0 9 0 0 0 0
fn=EVP_aes_192_wrap
0 9 0 0 0 0
fn=EVP_aes_192_wrap_pad
0 9 0 0 0 0
fn=EVP_aes_256_cbc
0 9 0 0 0 0
fn=EVP_aes_256_cbc_hmac_sha1
0 7 0 0 0 0
fn=EVP_aes_256_cbc_hmac_sha256
0 7 0 0 0 0
fn=EVP_aes_256_ccm
0 9 0 0 0 0
fn=EVP_aes_256_cfb1
0 9 0 0 0 0
fn=EVP_aes_256_cfb128
0 9 0 0 0 0
fn=EVP_aes_256_cfb8
0 9 0 0 0 0
fn=EVP_aes_256_ctr
0 9 0 0 0 0
fn=EVP_aes_256_ecb
0 9 0 0 0 0
fn=EVP_aes_256_gcm
0 9 0 0 0 0
fn=EVP_aes_256_ocb
0 9 0 0 0 0
fn=EVP_aes_256_ofb
0 9 0 0 0 0
fn=EVP_aes_256_wrap
0 9 0 0 0 0
fn=EVP_aes_256_wrap_pad
0 9 0 0 0 0
fn=EVP_aes_256_xts
0 9 0 0 0 0
fn=EVP_aria_128_cbc
0 8 0 0 0 0
fn=EVP_aria_128_ccm
0 9 0 0 0 0
fn=EVP_aria_128_cfb1
0 8 0 0 0 0
fn=EVP_aria_128_cfb128
0 9 0 0 0 0
fn=EVP_aria_128_cfb8
0 9 0 0 0 0
fn=EVP_aria_128_ctr
0 9 0 0 0 0
fn=EVP_aria_128_ecb
0 9 0 0 0 0
fn=EVP_aria_128_gcm
0 9 0 0 0 0
fn=EVP_aria_128_ofb
0 9 0 0 0 0
fn=EVP_aria_192_cbc
0 9 0 0 0 0
fn=EVP_aria_192_ccm
0 9 0 0 0 0
fn=EVP_aria_192_cfb1
0 9 0 0 0 0
fn=EVP_aria_192_cfb128
0 9 0 0 0 0
fn=EVP_aria_192_cfb8
0 9 0 0 0 0
fn=EVP_aria_192_ctr
0 9 0 0 0 0
fn=EVP_aria_192_ecb
0 9 0 0 0 0
fn=EVP_aria_192_gcm
0 9 0 0 0 0
fn=EVP_aria_192_ofb
0 9 0 0 0 0
fn=EVP_aria_256_cbc
0 9 0 0 0 0
fn=EVP_aria_256_ccm
0 9 0 0 0 0
fn=EVP_aria_256_cfb1
0 9 0 0 0 0
fn=EVP_aria_256_cfb128
0 9 0 0 0 0
fn=EVP_aria_256_cfb8
0 9 0 0 0 0
fn=EVP_aria_256_ctr
0 9 0 0 0 0
fn=EVP_aria_256_ecb
0 9 0 0 0 0
fn=EVP_aria_256_gcm
0 9 0 0 0 0
fn=EVP_aria_256_ofb
0 9 0 0 0 0
fn=EVP_bf_cbc
0 8 0 0 0 0
fn=EVP_bf_cfb64
0 9 0 0 0 0
fn=EVP_bf_ecb
0 9 0 0 0 0
fn=EVP_bf_ofb
0 9 0 0 0 0
fn=EVP_blake2b512
0 8 0 0 0 0
fn=EVP_blake2s256
0 9 0 0 0 0
fn=EVP_camellia_128_cbc
0 8 0 0 0 0
fn=EVP_camellia_128_cfb1
0 9 0 0 0 0
fn=EVP_camellia_128_cfb128
0 9 0 0 0 0
fn=EVP_camellia_128_cfb8
0 9 0 0 0 0
fn=EVP_camellia_128_ctr
0 9 0 0 0 0
fn=EVP_camellia_128_ecb
0 9 0 0 0 0
fn=EVP_camellia_128_ofb
0 9 0 0 0 0
fn=EVP_camellia_192_cbc
0 9 0 0 0 0
fn=EVP_camellia_192_cfb1
0 9 0 0 0 0
fn=EVP_camellia_192_cfb128
0 9 0 0 0 0
fn=EVP_camellia_192_cfb8
0 9 0 0 0 0
fn=EVP_camellia_192_ctr
0 9 0 0 0 0
fn=EVP_camellia_192_ecb
0 9 0 0 0 0
fn=EVP_camellia_192_ofb
0 9 0 0 0 0
fn=EVP_camellia_256_cbc
0 9 0 0 0 0
fn=EVP_camellia_256_cfb1
0 9 0 0 0 0
fn=EVP_camellia_256_cfb128
0 9 0 0 0 0
fn=EVP_camellia_256_cfb8
0 9 0 0 0 0
fn=EVP_camellia_256_ctr
0 9 0 0 0 0
fn=EVP_camellia_256_ecb
0 9 0 0 0 0
fn=EVP_camellia_256_ofb
0 9 0 0 0 0
fn=EVP_cast5_cbc
0 8 0 0 0 0
fn=EVP_cast5_cfb64
0 9 0 0 0 0
fn=EVP_cast5_ecb
0 9 0 0 0 0
fn=EVP_cast5_ofb
0 9 0 0 0 0
fn=EVP_chacha20
0 8 0 0 0 0
fn=EVP_chacha20_poly1305
0 8 0 0 0 0
fn=EVP_des_cbc
0 8 0 0 0 0
fn=EVP_des_cfb1
0 9 0 0 0 0
fn=EVP_des_cfb64
0 9 0 0 0 0
fn=EVP_des_cfb8
0 9 0 0 0 0
fn=EVP_des_ecb
0 9 0 0 0 0
fn=EVP_des_ede
0 9 0 0 0 0
fn=EVP_des_ede3
0 9 0 0 0 0
fn=EVP_des_ede3_cbc
0 9 0 0 0 0
fn=EVP_des_ede3_cfb1
0 9 0 0 0 0
fn=EVP_des_ede3_cfb64
0 9 0 0 0 0
fn=EVP_des_ede3_cfb8
0 9 0 0 0 0
fn=EVP_des_ede3_ofb
0 9 0 0 0 0
fn=EVP_des_ede3_wrap
0 9 0 0 0 0
fn=EVP_des_ede_cbc
0 8 0 0 0 0
fn=EVP_des_ede_cfb64
0 9 0 0 0 0
fn=EVP_des_ede_ofb
0 9 0 0 0 0
fn=EVP_des_ofb
0 9 0 0 0 0
fn=EVP_desx_cbc
0 8 0 0 0 0
fn=EVP_md4
0 8 0 0 0 0
fn=EVP_md5
0 8 0 0 0 0
fn=EVP_md5_sha1
0 8 0 0 0 0
fn=EVP_rc2_40_cbc
0 9 0 0 0 0
fn=EVP_rc2_64_cbc
0 9 0 0 0 0
fn=EVP_rc2_cbc
0 8 0 0 0 0
fn=EVP_rc2_cfb64
0 9 0 0 0 0
fn=EVP_rc2_ecb
0 9 0 0 0 0
fn=EVP_rc2_ofb
0 9 0 0 0 0
fn=EVP_rc4
0 8 0 0 0 0
fn=EVP_rc4_40
0 9 0 0 0 0
fn=EVP_rc4_hmac_md5
0 8 0 0 0 0
fn=EVP_ripemd160
0 8 0 0 0 0
fn=EVP_seed_cbc
0 8 0 0 0 0
fn=EVP_seed_cfb128
0 9 0 0 0 0
fn=EVP_seed_ecb
0 9 0 0 0 0
fn=EVP_seed_ofb
0 9 0 0 0 0
fn=EVP_sha1
0 8 0 0 0 0
fn=EVP_sha224
0 9 0 0 0 0
fn=EVP_sha256
0 9 0 0 0 0
fn=EVP_sha384
0 9 0 0 0 0
fn=EVP_sha3_224
0 9 0 0 0 0
fn=EVP_sha3_256
0 9 0 0 0 0
fn=EVP_sha3_384
0 9 0 0 0 0
fn=EVP_sha3_512
0 9 0 0 0 0
fn=EVP_sha512
0 9 0 0 0 0
fn=EVP_sha512_224
0 9 0 0 0 0
fn=EVP_sha512_256
0 9 0 0 0 0
fn=EVP_shake128
0 9 0 0 0 0
fn=EVP_shake256
0 9 0 0 0 0
fn=EVP_sm3
0 8 0 0 0 0
fn=EVP_sm4_cbc
0 8 0 0 0 0
fn=EVP_sm4_cfb128
0 9 0 0 0 0
fn=EVP_sm4_ctr
0 9 0 0 0 0
fn=EVP_sm4_ecb
0 9 0 0 0 0
fn=EVP_sm4_ofb
0 9 0 0 0 0
fn=EVP_whirlpool
0 8 0 0 0 0
fn=GENERAL_NAMES_free
0 1848 0 0 0 0
fn=GENERAL_NAMES_it
0 1386 0 0 0 0
fn=NAME_CONSTRAINTS_free
0 1848 0 0 0 0
fn=NAME_CONSTRAINTS_it
0 1386 0 0 0 0
fn=NCONF_default
0 8 0 0 0 0
fn=NCONF_free
0 10 1 0 1 1
fn=NCONF_get0_libctx
0 7 0 0 0 0
fn=NCONF_get_number_e
0 65 6 2 3 2
fn=NCONF_get_section
0 32 8 2 0 0
fn=NCONF_get_string
0 46 2 0 0 0
fn=NCONF_load
0 6 1 0 1 1
fn=NCONF_new_ex
0 23 1 0 1 1
fn=OBJ_NAME_add
0 23237 1960 9 0 0
fn=OBJ_NAME_do_all
0 84 2 0 0 0
fn=OBJ_NAME_get
0 36086 3326 110 0 0
fn=OBJ_NAME_init
0 17613 927 7 0 0
fn=OBJ_bsearch_
0 20566 0 0 0 0
fn=OBJ_bsearch_ex_
0 17628 0 0 0 0
fn=OBJ_dup
0 20938 2204 4 0 0
fn=OBJ_get0_data
0 1160 145 2 0 0
fn=OBJ_length
0 312 39 0 0 0
fn=OBJ_ln2nid
0 603 54 15 0 0
fn=OBJ_nid2ln
0 7513 683 0 0 0
fn=OBJ_nid2obj
0 288975 19631 1030 0 0
fn=OBJ_nid2sn
0 4840 440 2 0 0
fn=OBJ_obj2nid
0 24507 0 0 0 0
fn=OBJ_obj2txt
0 94809 13700 1721 0 0
fn=OBJ_sn2nid
0 758 44 9 0 0
fn=OPENSSL_LH_delete
0 6960 480 10 0 0
fn=OPENSSL_LH_doall
0 2991 678 142 26 1
fn=OPENSSL_LH_doall_arg_thunk
0 5762 1200 335 596 2
fn=OPENSSL_LH_error
0 2289 0 0 0 0
fn=OPENSSL_LH_flush
0 3357 678 74 0 0
fn=OPENSSL_LH_free
0 21 1 0 0 0
fn=OPENSSL_LH_insert
0 364192 26896 3165 0 0
fn=OPENSSL_LH_new
0 11609 494 0 0 0
fn=OPENSSL_LH_num_items
0 224 28 0 0 0
fn=OPENSSL_LH_retrieve
0 58641 5364 230 0 0
fn=OPENSSL_LH_set_down_load
0 9 0 0 0 0
fn=OPENSSL_LH_set_thunks
0 3211 247 0 0 0
fn=OPENSSL_LH_strhash
0 273923 20064 1702 0 0
fn=OPENSSL_cleanse
0 502064 133065 4864 0 0
fn=OPENSSL_init_crypto
0 537921 60030 3135 0 0
fn=OPENSSL_init_ssl
0 93 6 3 0 0
fn=OPENSSL_load_builtin_modules
0 12 0 0 0 0
fn=OPENSSL_sk_deep_copy
0 29383 5106 426 1188 308
fn=OPENSSL_sk_dup
0 15720 1572 284 0 0
fn=OPENSSL_sk_find
0 1232 0 0 0 0
fn=OPENSSL_sk_free
0 104748 6168 23 0 0
fn=OPENSSL_sk_insert
0 303084 33676 3302 0 0
fn=OPENSSL_sk_new
0 672 0 0 0 0
fn=OPENSSL_sk_new_null
0 38128 0 0 0 0
fn=OPENSSL_sk_new_reserve
0 136328 9742 12 0 0
fn=OPENSSL_sk_num
0 186913 22958 1490 0 0
fn=OPENSSL_sk_pop
0 28 3 3 0 0
fn=OPENSSL_sk_pop_free
0 88035 15207 3511 4942 2825
fn=OPENSSL_sk_push
0 67352 8419 667 0 0
fn=OPENSSL_sk_set
0 27575 3309 2 0 0
fn=OPENSSL_sk_set_cmp_func
0 28 2 0 0 0
fn=OPENSSL_sk_sort
0 2729 376 10 0 0
fn=OPENSSL_sk_value
0 239888 29986 560 0 0
fn=OPENSSL_strcasecmp
0 239927 37159 2933 0 0
fn=OPENSSL_strlcpy
0 97989 19056 2260 0 0
fn=OPENSSL_strncasecmp
0 24084 2424 963 0 0
fn=OPENSSL_strnlen
0 39542 6942 969 0 0
fn=OSSL_DECODER_CTX_add_extra
0 17709 2441 213 11 8
fn=OSSL_DECODER_CTX_free
0 5082 462 308 154 2
fn=OSSL_DECODER_CTX_get_cleanup
0 1232 154 152 0 0
fn=OSSL_DECODER_CTX_get_construct
0 1232 154 0 0 0
fn=OSSL_DECODER_CTX_get_construct_data
0 1232 154 152 0 0
fn=OSSL_DECODER_CTX_get_num_decoders
0 2790 620 154 0 0
fn=OSSL_DECODER_CTX_new
0 1560 0 0 0 0
fn=OSSL_DECODER_CTX_new_for_pkey
0 22286 2976 610 0 0
fn=OSSL_DECODER_CTX_set_cleanup
0 1560 156 0 0 0
fn=OSSL_DECODER_CTX_set_construct
0 1560 156 0 0 0
fn=OSSL_DECODER_CTX_set_construct_data
0 1560 156 0 0 0
fn=OSSL_DECODER_CTX_set_input_structure
0 1560 156 3 0 0
fn=OSSL_DECODER_CTX_set_input_type
0 1560 156 1 0 0
fn=OSSL_DECODER_CTX_set_selection
0 20 2 1 0 0
fn=OSSL_DECODER_INSTANCE_get_decoder
0 12848 1606 0 0 0
fn=OSSL_DECODER_INSTANCE_get_decoder_ctx
0 10384 1298 506 0 0
fn=OSSL_DECODER_INSTANCE_get_input_structure
0 11880 990 2 0 0
fn=OSSL_DECODER_INSTANCE_get_input_type
0 8200 1025 156 0 0
fn=OSSL_DECODER_do_all_provided
0 208 12 9 0 0
fn=OSSL_DECODER_free
0 25645 3345 233 0 0
fn=OSSL_DECODER_from_bio
0 10010 770 5 0 0
fn=OSSL_DECODER_from_data
0 6468 462 219 0 0
fn=OSSL_DECODER_get0_provider
0 18840 2355 0 0 0
fn=OSSL_DECODER_is_a
0 9196 418 289 0 0
fn=OSSL_DECODER_up_ref
0 15778 0 0 0 0
fn=OSSL_EC_curve_nid2name
0 4592 1136 98 0 0
fn=OSSL_ERR_STATE_new
0 9 0 0 0 0
fn=OSSL_LIB_CTX_get0_global_default
0 22 1 0 0 0
fn=OSSL_LIB_CTX_get_conf_diagnostics
0 22 2 1 0 0
fn=OSSL_LIB_CTX_get_data
0 12 0 0 0 0
fn=OSSL_LIB_CTX_set0_default
0 17 1 1 0 0
fn=OSSL_LIB_CTX_set_conf_diagnostics
0 16 1 1 0 0
fn=OSSL_PARAM_construct_end
0 6320 0 0 0 0
fn=OSSL_PARAM_construct_int
0 25007 0 0 0 0
fn=OSSL_PARAM_construct_octet_string
0 5544 0 0 0 0
fn=OSSL_PARAM_construct_size_t
0 7616 0 0 0 0
fn=OSSL_PARAM_construct_time_t
0 51 0 0 0 0
fn=OSSL_PARAM_construct_uint
0 2499 0 0 0 0
fn=OSSL_PARAM_construct_utf8_string
0 14415 465 2 0 0
fn=OSSL_PARAM_get_int
0 1362 0 0 0 0
fn=OSSL_PARAM_get_int32
0 5986 944 125 0 0
fn=OSSL_PARAM_get_int64
0 81 15 2 0 0
fn=OSSL_PARAM_get_time_t
0 18 0 0 0 0
fn=OSSL_PARAM_get_uint
0 654 0 0 0 0
fn=OSSL_PARAM_get_uint32
0 2834 436 60 0 0
fn=OSSL_PARAM_get_utf8_ptr
0 8932 616 307 0 0
fn=OSSL_PARAM_get_utf8_string
0 9856 616 0 0 0
fn=OSSL_PARAM_get_utf8_string_ptr
0 7084 308 2 0 0
fn=OSSL_PARAM_locate
0 190161 42858 4893 0 0
fn=OSSL_PARAM_locate_const
0 12660 0 0 0 0
fn=OSSL_PARAM_modified
0 30 3 0 0 0
fn=OSSL_PARAM_set_int
0 6930 0 0 0 0
fn=OSSL_PARAM_set_int32
0 34674 4636 213 0 0
fn=OSSL_PARAM_set_size_t
0 2688 0 0 0 0
fn=OSSL_PARAM_set_uint
0 792 0 0 0 0
fn=OSSL_PARAM_set_uint32
0 3960 528 9 0 0
fn=OSSL_PARAM_set_uint64
0 14336 2240 13 0 0
fn=OSSL_PROVIDER_do_all
0 12 0 0 0 0
fn=OSSL_PROVIDER_get0_provider_ctx
0 12180 0 0 0 0
fn=OSSL_PROVIDER_get_capabilities
0 12 0 0 0 0
fn=OSSL_default_cipher_list
0 8 0 0 0 0
fn=OSSL_default_ciphersuites
0 8 0 0 0 0
fn=PEM_X509_INFO_read_bio_ex
0 13486 2005 8 154 1
fn=PEM_do_header
0 7084 462 154 0 0
fn=PEM_get_EVP_CIPHER_INFO
0 4004 308 2 0 0
fn=PEM_read_bio
0 1085 0 0 0 0
fn=PEM_read_bio_ex
0 207238 35958 409 0 0
fn=RAND_OpenSSL
0 32 0 0 0 0
fn=RAND_bytes_ex
0 32 3 3 0 0
fn=RAND_get0_primary
0 125 17 9 0 0
fn=RAND_get0_private
0 99 9 4 0 0
fn=RAND_get0_public
0 52 6 4 0 0
fn=RAND_get_rand_method
0 140 19 7 0 0
fn=RAND_priv_bytes_ex
0 96 9 1 0 0
fn=RSAPublicKey_it
0 990 0 0 0 0
fn=RSA_PKCS1_OpenSSL
0 880 0 0 0 0
fn=RSA_bits
0 770 0 0 0 0
fn=RSA_clear_flags
0 1320 0 0 0 0
fn=RSA_free
0 3410 440 2 0 0
fn=RSA_get0_d
0 770 0 0 0 0
fn=RSA_get0_key
0 2200 330 2 0 0
fn=RSA_get0_n
0 2310 0 0 0 0
fn=RSA_get0_p
0 1540 0 0 0 0
fn=RSA_get_default_method
0 880 0 0 0 0
fn=RSA_get_method
0 770 0 0 0 0
fn=RSA_new
0 880 0 0 0 0
fn=RSA_security_bits
0 2310 110 110 0 0
fn=RSA_set_flags
0 1320 0 0 0 0
fn=RSA_size
0 1650 0 0 0 0
fn=RSA_test_flags
0 2970 0 0 0 0
fn=RSA_up_ref
0 1760 0 0 0 0
fn=SSL_COMP_get_compression_methods
0 28 2 0 0 0
fn=SSL_CONF_CTX_free
0 8 0 0 0 0
fn=SSL_CTX_ctrl
0 33 2 1 1 1
fn=SSL_CTX_new
0 9 0 0 0 0
fn=SSL_CTX_new_ex
0 228 32 9 1 1
fn=SSL_CTX_set_cipher_list
0 380 32 4 1 1
fn=SSL_CTX_set_ciphersuites
0 19 2 0 0 0
fn=SSL_CTX_set_default_verify_paths
0 10 0 0 0 0
fn=SSL_CTX_set_options
0 12 0 0 0 0
fn=SSL_CTX_set_verify
0 11 0 0 0 0
fn=SSL_get_ex_data_X509_STORE_CTX_idx
0 22 2 0 0 0
fn=TLS_method
0 8 0 0 0 0
fn=UTF8_getc
0 203868 24056 103 0 0
fn=UTF8_putc
0 359538 46392 130 0 0
fn=X509_ALGOR_free
0 1848 0 0 0 0
fn=X509_ALGOR_get0
0 6490 1100 313 0 0
fn=X509_ALGOR_it
0 13552 0 0 0 0
fn=X509_ALGOR_new
0 2156 0 0 0 0
fn=X509_CERT_AUX_free
0 1848 0 0 0 0
fn=X509_CERT_AUX_it
0 1232 0 0 0 0
fn=X509_CINF_it
0 2464 0 0 0 0
fn=X509_CRL_free
0 1848 0 0 0 0
fn=X509_CRL_it
0 1386 0 0 0 0
fn=X509_EXTENSION_it
0 5464 0 0 0 0
fn=X509_INFO_free
0 4012 154 0 0 0
fn=X509_INFO_new
0 1540 0 0 0 0
fn=X509_LOOKUP_ctrl
0 8 0 0 0 0
fn=X509_LOOKUP_ctrl_ex
0 35 7 2 3 3
fn=X509_LOOKUP_file
0 8 0 0 0 0
fn=X509_LOOKUP_hash_dir
0 8 0 0 0 0
fn=X509_LOOKUP_new
0 86 7 1 1 1
fn=X509_LOOKUP_store
0 8 0 0 0 0
fn=X509_NAME_ENTRY_free
0 16920 0 0 0 0
fn=X509_NAME_ENTRY_it
0 55360 0 0 0 0
fn=X509_NAME_ENTRY_new
0 7714 0 0 0 0
fn=X509_NAME_cmp
0 407376 94824 2893 0 0
fn=X509_NAME_it
0 5544 0 0 0 0
fn=X509_OBJECT_new
0 2618 154 2 0 0
fn=X509_OBJECT_retrieve_match
0 5698 308 7 0 0
fn=X509_OBJECT_up_ref_count
0 1540 154 2 0 0
fn=X509_PKEY_free
0 1232 154 2 0 0
fn=X509_PUBKEY_free
0 3696 0 0 0 0
fn=X509_PUBKEY_get
0 2772 308 149 0 0
fn=X509_PUBKEY_get0
0 2464 308 154 0 0
fn=X509_PUBKEY_get0_param
0 6006 616 110 0 0
fn=X509_PUBKEY_it
0 6930 0 0 0 0
fn=X509_STORE_add_cert
0 2618 154 0 0 0
fn=X509_STORE_add_lookup
0 153 15 3 0 0
fn=X509_STORE_lock
0 1078 0 0 0 0
fn=X509_STORE_new
0 47 6 2 0 0
fn=X509_STORE_set_default_paths_ex
0 57 3 0 0 0
fn=X509_STORE_unlock
0 1078 0 0 0 0
fn=X509_VAL_it
0 2464 0 0 0 0
fn=X509_VERIFY_PARAM_new
0 40 2 1 0 0
fn=X509_free
0 1848 0 0 0 0
fn=X509_get_default_cert_area
0 8 0 0 0 0
fn=X509_get_default_cert_dir_env
0 8 0 0 0 0
fn=X509_get_default_cert_file_env
0 8 0 0 0 0
fn=X509_it
0 4158 0 0 0 0
fn=X509_load_cert_crl_file_ex
0 2831 621 5 0 0
fn=X509_new_ex
0 3696 154 1 0 0
fn=X509_subject_name_cmp
0 94248 0 0 0 0
fn=X509_up_ref
0 2464 0 0 0 0
fn=ZSTD_versionNumber
0 14 0 0 0 0
fn=__aarch64_cas4_acq
0 5235 1047 66 0 0
fn=__aarch64_cas4_rel
0 39770 7954 12 0 0
fn=__aarch64_cas8_acq
0 55 11 0 0 0
fn=__aarch64_ldadd4_acq
0 29910 11964 774 0 0
fn=__aarch64_ldadd4_relax
0 18 4 2 0 0
fn=__aarch64_ldadd8_rel
0 5 2 2 0 0
fn=__aarch64_ldadd8_relax
0 5 2 0 0 0
fn=__aarch64_ldset4_acq
0 9860 3944 47 0 0
fn=__aarch64_swp4_rel
0 425 170 14 0 0
fn=__aarch64_swp4_relax
0 11390 4556 26 0 0
fn=__aarch64_swp8_acq
0 10350 4140 453 0 0
fn=__gmp_get_memory_functions
0 42 6 2 0 0
fn=__gmp_set_memory_functions
0 56 0 0 0 0
fn=_gnutls_global_init_skip
0 14 0 0 0 0
fn=asn1_array2tree
0 61557 16510 1780 0 0
fn=asn1_check_version
0 16 1 0 0 0
fn=asn1_d2i_read_bio
0 49588 7700 714 0 0
fn=asn1_find_node
0 53551 16414 364 0 0
fn=ber_memfree_x
0 3 1 0 0 0
fn=conf_ssl_name_find
0 22 2 1 0 0
fn=curl_global_init
0 20 1 0 0 0
fn=curl_msnprintf
0 195 5 2 0 0
fn=curl_mvsnprintf
0 185 15 4 0 0
fn=curl_version_info
0 314 43 13 3 3
fn=d2i_EC_PUBKEY
0 2420 220 0 0 0
fn=d2i_RSAPublicKey
0 1980 0 0 0 0
fn=d2i_RSA_PUBKEY
0 5280 440 222 0 0
fn=d2i_X509
0 2772 0 0 0 0
fn=d2i_X509_PUBKEY
0 2772 0 0 0 0
fn=git_buf_dispose
0 38 4 0 0 0
fn=git_config_add_backend
0 86 12 2 2 1
fn=git_config_add_file_ondisk
0 118 14 7 0 0
fn=git_config_entry_free
0 14 2 2 0 0
fn=git_config_free
0 40 6 2 0 0
fn=git_config_get_string_buf
0 80 10 2 0 0
fn=git_config_new
0 128 6 0 4 2
fn=git_config_open_default
0 156 18 7 0 0
fn=git_error_clear
0 86 14 4 0 0
fn=git_error_last
0 64 6 6 0 0
fn=git_error_set
0 468 12 2 0 0
fn=git_libgit2_init
0 149 37 14 17 17
fn=git_libgit2_opts
0 57 3 1 1 1
fn=gnutls_check_version
0 5 1 1 0 0
fn=gnutls_global_init
0 7 0 0 0 0
fn=gnutls_protocol_get_id
0 142 36 5 0 0
fn=i2d_ECDSA_SIG
0 2244 264 51 0 0
fn=idn2_check_version
0 16 1 0 0 0
fn=init_have_lse_atomics
0 22 0 0 0 0
fn=ldap_int_tls_destroy
0 33 10 7 0 0
fn=libssh2_exit
0 12 1 1 0 0
fn=libssh2_init
0 51 0 0 0 0
fn=libssh2_version
0 12 0 0 0 0
fn=nghttp2_version
0 10 0 0 0 0
fn=o2i_ECPublicKey
0 1364 176 0 0 0
fn=zlibVersion
0 8 0 0 0 0
summary: 79880230 12032382 565246 513340 53450
